ratio 1,ratio 2,key,in_g_vs_s,p_value_g_vs_s,statistic_g_vs_s,in_h_vs_s,p_value_h_vs_s,statistic_h_vs_s,in_h_vs_g,p_value_h_vs_g,statistic_h_vs_g,presence_count
v_ca,si_nd,v_ca||si_nd,True,1.6042299875192236e-10,0.0703943295768641,True,0.000191484915781,0.020444020778246,True,3.3684479194061927e-26,0.0318375152756049,3
nd_y,sc_v,nd_y||sc_v,True,1.945409867017332e-12,0.0832750291071249,True,0.0004785496517462,0.0187165065565052,True,3.048258319851427e-36,0.0473654526017609,3
v_ca,nd_na,v_ca||nd_na,True,1.9029174038250225e-08,0.0592186322180997,True,0.000513439641044,0.0210518180120384,True,4.4667658831863866e-36,0.0541095997360996,3
na_ca,sc_nd,na_ca||sc_nd,True,9.926042430429893e-09,0.0500388864604525,True,0.0001955637812179,0.0195420508313793,True,4.344230083706662e-31,0.035825402641948,3
v_ca,nd_y,v_ca||nd_y,True,6.214837645067399e-13,0.0851880694332884,True,0.0005078341291005,0.0180792995219862,True,1.9189148272425115e-38,0.0491092819536412,3
si_nd,co_sc,si_nd||co_sc,True,2.987143476747013e-10,0.0695081506133197,True,0.0006398875656386,0.0170163681956962,True,1.2808683191214757e-25,0.031634007366237,3
si_v,cr_na,si_v||cr_na,True,2.394358996409448e-09,0.0351047191625668,True,0.0002906341232501,0.0144568887780904,True,1.781410867187122e-39,0.0356657596138624,3
v_ca,na_mn,v_ca||na_mn,True,1.0779903367584297e-07,0.0299445427430332,True,0.0001812357422806,0.0173801230197754,True,2.6174252381038416e-35,0.0351871348078824,3
sc_v,nd_na,sc_v||nd_na,True,2.3103929323675536e-08,0.0594915573725982,True,0.0003799002286717,0.0227483487005883,True,2.7880297319661493e-34,0.0526619440766492,3
na_ca,nd_ca,na_ca||nd_ca,True,1.9746408458326878e-07,0.0453338642806944,True,0.000259393913546,0.0201092084156875,True,4.2599195265703635e-28,0.0346778978003919,3
nd_y,sc_na,nd_y||sc_na,True,6.117846848897926e-11,0.0735839573039098,True,0.0004299624828442,0.0202893576264437,True,2.231464221556673e-44,0.0628739174321862,3
sc_na,sc_nd,sc_na||sc_nd,True,2.6313982300889288e-08,0.0483620624666709,True,3.686536512840548e-05,0.0243458087098954,True,3.4604380298150894e-30,0.0351599667328273,3
sc_na,si_nd,sc_na||si_nd,True,3.872749683287636e-09,0.0617663135455078,True,0.00019685335503,0.022063274354763,True,6.775207150842095e-34,0.0457811044130025,3
k_na,sc_nd,k_na||sc_nd,True,9.732602260726727e-08,0.0461185475042604,True,0.0005421852565324,0.0179995498515839,True,4.535495999825929e-28,0.0346958938039498,3
co_nd,cr_si,co_nd||cr_si,True,1.1491337500558393e-07,0.0472761348542931,False,,,True,7.3631775701901e-27,0.0328426766147078,2
mn_cu,si_mn,mn_cu||si_mn,True,9.32423820614931e-08,0.0293413019226313,False,,,True,2.1212983325716385e-27,0.023093590920904,2
v_ti,si_v,v_ti||si_v,True,9.17065095969832e-08,0.0261622655478889,True,9.771959511681311e-07,0.0231665830573115,False,,,2
ti_mn,cr_na,ti_mn||cr_na,True,1.161193077040228e-07,0.0277756107712932,False,,,True,2.8126415773348905e-42,0.0386208238273165,2
na_mn,nd_zn,na_mn||nd_zn,True,9.08797107946255e-08,0.0542033116928934,False,,,True,7.16317963096385e-32,0.0436568780297122,2
sc_mn,v_y,sc_mn||v_y,True,1.192332919072011e-07,0.0362418368085503,True,0.0004440000667251,0.0144388303270104,False,,,2
cr_na,co_si,cr_na||co_si,True,9.362475191358287e-08,0.0271312537994367,False,,,True,2.9051378341358593e-40,0.0357893938617723,2
mn_cu,si_v,mn_cu||si_v,True,1.221770113593927e-07,0.0263698117009245,True,0.0001079926883266,0.014377048023878,False,,,2
nd_zn,nd_na,nd_zn||nd_na,True,1.2361181224415374e-07,0.0698845612854889,False,,,True,6.154188846432011e-31,0.0568912187571922,2
na_y,nd_na,na_y||nd_na,True,1.2504302239654114e-07,0.0547377946973519,False,,,True,1.009858729308662e-32,0.0519453843331942,2
na_mn,sc_mn,na_mn||sc_mn,True,1.2591376588368e-07,0.0336740628801671,False,,,True,2.05596630597847e-34,0.0347189746517424,2
nd_na,k_nd,nd_na||k_nd,True,1.2617005709177877e-07,0.0668105172771055,False,,,True,4.505309679334454e-31,0.0549986007269926,2
na_ca,nd_na,na_ca||nd_na,True,1.288494820967581e-07,0.0532394281552043,False,,,True,9.57852678533487e-41,0.0670413609855518,2
si_v,nd_ba,si_v||nd_ba,True,1.3042825881996137e-07,0.0414871352896865,False,,,True,1.330545405812907e-26,0.0291599980380103,2
sc_mn,cr_na,sc_mn||cr_na,True,1.304631913025636e-07,0.0314715739295807,False,,,True,4.846075511620074e-37,0.0353288949739393,2
nd_ni,cr_na,nd_ni||cr_na,True,1.3070381833565992e-07,0.0434923096664256,False,,,True,7.798156982768223e-38,0.0470528867238751,2
k_cu,sc_nd,k_cu||sc_nd,True,1.209909546849471e-07,0.047347141169305,True,0.0004976123107936,0.0184799007574093,False,,,2
cr_cu,y_mn,cr_cu||y_mn,True,1.0330519305626634e-07,0.036153324209284,False,,,True,1.0347350721667143e-27,0.0288476384778272,2
nd_na,sc_k,nd_na||sc_k,True,1.03533794804111e-07,0.0530180934965034,False,,,True,7.499369605668184e-36,0.0538228602104288,2
cr_v,nd_na,cr_v||nd_na,True,1.037787733870805e-07,0.0531173635288753,False,,,True,2.2102629530421045e-37,0.0565618002926315,2
na_ni,nd_na,na_ni||nd_na,True,1.0279760127017165e-07,0.0546457124135803,False,,,True,2.1622667152976265e-39,0.0627183158408112,2
si_mn,co_sc,si_mn||co_sc,True,1.0536163585149453e-07,0.0281100646887756,True,6.240876728861455e-05,0.0153581362836336,False,,,2
k_v,sc_nd,k_v||sc_nd,True,1.0611078201330746e-07,0.0467574920301344,True,0.0006206666179809,0.016909494491452,False,,,2
na_cu,nd_na,na_cu||nd_na,True,1.0139850478131225e-07,0.0525289315480174,False,,,True,1.1267647878166712e-36,0.055198411341117,2
nd_na,sc_si,nd_na||sc_si,True,1.1373795136894213e-07,0.0533935600282906,False,,,True,2.330700208472155e-36,0.0556283171598938,2
sc_ni,si_v,sc_ni||si_v,True,9.981209101411249e-08,0.0252962738296984,True,2.3269150719947934e-07,0.0235909003464984,False,,,2
cr_si,co_sc,cr_si||co_sc,True,1.0739014234007721e-07,0.0277777035379786,True,3.831372063879807e-05,0.015790793647416,False,,,2
nd_ba,cr_si,nd_ba||cr_si,True,9.975456500069208e-08,0.04250536421334,False,,,True,7.261294754412277e-31,0.0349402444261712,2
v_mn,nd_na,v_mn||nd_na,True,1.0946640871383387e-07,0.0525302056699003,False,,,True,1.864151150475137e-38,0.0578907311516341,2
nd_na,co_na,nd_na||co_na,True,9.964691716875297e-08,0.0538662182905812,False,,,True,3.011755841175875e-38,0.0601650130873472,2
nd_ca,co_sc,nd_ca||co_sc,True,1.0988320758461105e-07,0.0468393873189719,True,0.0003167439452721,0.0179050614809016,False,,,2
na_mn,k_nd,na_mn||k_nd,True,1.1036275788667785e-07,0.0495058074333172,False,,,True,1.8181266282102067e-30,0.0391206200598067,2
v_ni,si_v,v_ni||si_v,True,1.1107660158984933e-07,0.0239446666729285,True,8.509002975276068e-06,0.017210882598062,False,,,2
nd_ni,nd_na,nd_ni||nd_na,True,1.0727891335047197e-07,0.0675485799924954,False,,,True,5.1743999394239713e-33,0.0614514325196378,2
mn_cu,cr_y,mn_cu||cr_y,True,1.9254044862523034e-07,0.0310130091247666,False,,,True,2.9550016146362753e-31,0.0299595169942146,2
si_ti,cr_sc,si_ti||cr_sc,True,1.9335967815284466e-07,0.0205370784423168,True,0.0006215474667843,0.0079969523231622,False,,,2
sc_mn,si_ni,sc_mn||si_ni,True,1.967891438377756e-07,0.026127572662671,True,0.0001191952998801,0.0123237752427,False,,,2
si_cu,si_mn,si_cu||si_mn,True,1.980321923249381e-07,0.0294730052905361,True,0.000522787663924,0.0126022207120831,False,,,2
cr_ca,cr_na,cr_ca||cr_na,True,2.022496256050383e-07,0.026150132348566,False,,,True,3.1104630649888406e-41,0.0370941391072419,2
nd_ti,sc_v,nd_ti||sc_v,True,2.02893268246155e-07,0.0429909972567336,True,0.0003209614299567,0.0179849601858662,False,,,2
nd_zn,cr_na,nd_zn||cr_na,True,2.051819008832524e-07,0.0515079798673108,False,,,True,4.8778681917907785e-31,0.0423934875268164,2
ca_cu,nd_ca,ca_cu||nd_ca,True,2.087163018649101e-07,0.0448148967149296,True,0.0003068545028558,0.0190318115637426,False,,,2
nd_ba,cr_sc,nd_ba||cr_sc,True,2.1258804533306066e-07,0.0401425179671381,False,,,True,3.6097118082819348e-28,0.0309557489583287,2
nd_na,si_na,nd_na||si_na,True,1.3644788182872364e-07,0.0525918786527357,False,,,True,2.7844555147717008e-36,0.0570189789827837,2
cr_na,k_nd,cr_na||k_nd,True,2.166952025610005e-07,0.0472854199827632,False,,,True,2.2912077800956523e-30,0.0385723425071204,2
mn_cu,nd_ti,mn_cu||nd_ti,True,2.2018421028157345e-07,0.0416085792765822,False,,,True,3.1174924028564747e-27,0.0307673882698218,2
cr_y,nd_v,cr_y||nd_v,True,2.202692028963115e-07,0.0439610513440653,False,,,True,1.2133696534044292e-30,0.0394046026786209,2
zn_ni,nd_na,zn_ni||nd_na,True,2.372701713247055e-07,0.050269475933115,False,,,True,1.1141614953250984e-33,0.0504289449191917,2
zn_ti,nd_na,zn_ti||nd_na,True,2.3819715304739697e-07,0.0503142667984229,False,,,True,5.1380073737807715e-34,0.0509829563351308,2
na_mn,v_ti,na_mn||v_ti,True,2.445351767685083e-07,0.0275322625839891,False,,,True,2.515186287611356e-36,0.0352927782669758,2
si_mn,na_ti,si_mn||na_ti,True,2.454887413292037e-07,0.0271515838976672,False,,,True,3.5169059287366385e-33,0.0299643559922419,2
v_ca,v_y,v_ca||v_y,True,2.509976447312952e-07,0.0317472332607136,True,1.6119762690699204e-05,0.0224867746998811,False,,,2
nd_na,sc_na,nd_na||sc_na,True,2.517848207642988e-07,0.0533183456357932,False,,,True,1.3800562246815982e-38,0.0657342759157009,2
na_mn,cr_ni,na_mn||cr_ni,True,2.51948900656548e-07,0.0268905185155221,False,,,True,5.052150519419664e-41,0.0399103138154606,2
k_ti,nd_na,k_ti||nd_na,True,2.1623591055747897e-07,0.0504251561973736,False,,,True,1.4109953441958537e-35,0.0536084568226494,2
nd_ti,nd_ba,nd_ti||nd_ba,True,1.308727071922347e-07,0.0523935199371427,False,,,True,5.984449075960481e-29,0.0395253494264346,2
si_ca,si_v,si_ca||si_v,True,1.311816150095216e-07,0.0235678669600075,True,4.75886650983236e-05,0.0145396791351742,False,,,2
nd_ca,na_ti,nd_ca||na_ti,True,1.3271336884139765e-07,0.0462645125417041,False,,,True,4.630388762015145e-25,0.0298086510176131,2
ti_mn,na_mn,ti_mn||na_mn,True,9.065483541029565e-08,0.0312711993010113,False,,,True,8.704894455621019e-38,0.0372140341227186,2
sc_cu,nd_na,sc_cu||nd_na,True,1.388795818238023e-07,0.0547358439147693,False,,,True,1.345269338747892e-34,0.0555718784459323,2
cr_y,si_na,cr_y||si_na,True,1.4064841111483457e-07,0.0316369022689124,False,,,True,4.9424572562755644e-26,0.0247713778820589,2
v_ca,nd_ti,v_ca||nd_ti,True,1.437237320002814e-07,0.0427475814206955,True,0.0004152606929747,0.0165889057512894,False,,,2
v_ca,si_ni,v_ca||si_ni,True,1.460319581532864e-07,0.0228350798242269,True,3.4670258526263e-07,0.0237693731935125,False,,,2
ca_cu,nd_na,ca_cu||nd_na,True,1.5323540115008977e-07,0.0525101810433921,False,,,True,7.576459796087245e-36,0.0564143919652795,2
sc_zn,nd_na,sc_zn||nd_na,True,1.8777155366169165e-07,0.0518358126400886,False,,,True,4.955537943114834e-34,0.0513724824316302,2
na_ti,nd_na,na_ti||nd_na,True,1.620178664939307e-07,0.0530160980941413,False,,,True,2.0449128519342185e-39,0.0644976606615634,2
nd_ca,co_ca,nd_ca||co_ca,True,1.6218880835800953e-07,0.045141314650315,True,0.0005014519530032,0.0166822846585297,False,,,2
nd_cu,si_mn,nd_cu||si_mn,True,1.6239944795232166e-07,0.0544866334511667,False,,,True,3.417876742056e-27,0.040673036403152,2
na_mn,cr_k,na_mn||cr_k,True,1.626175090118543e-07,0.0296245124891182,False,,,True,9.206928251706672e-36,0.0342019213658859,2
na_ti,cr_y,na_ti||cr_y,True,1.6616309020929757e-07,0.0313800350165884,False,,,True,2.2558547066309742e-34,0.0349133914313889,2
nd_cu,nd_na,nd_cu||nd_na,True,1.7167530283675668e-07,0.0726715710258876,False,,,True,2.648060851398094e-32,0.0669592530917171,2
ti_mn,co_si,ti_mn||co_si,True,1.7540320112629654e-07,0.0209118516872716,True,0.0005618674446109,0.0084565759852314,False,,,2
mn_cu,cr_si,mn_cu||cr_si,True,1.7699547947852917e-07,0.0265075733403328,False,,,True,1.7335225934003518e-29,0.0236682561869843,2
k_ca,nd_na,k_ca||nd_na,True,1.7890198733020365e-07,0.0511640158821802,False,,,True,2.9812622456640744e-35,0.0530488492789355,2
cr_cu,si_mn,cr_cu||si_mn,True,1.8536644930990948e-07,0.0274895548303656,False,,,True,3.5505328356821855e-27,0.0227989649031408,2
na_ca,cr_y,na_ca||cr_y,True,1.597670733059012e-07,0.0321057282673283,False,,,True,3.3235964062758835e-35,0.0381737225447477,2
na_mn,nd_ni,na_mn||nd_ni,True,4.086033618895625e-08,0.0471765463665729,False,,,True,6.572405204986473e-39,0.0485446075896959,2
nd_ba,nd_na,nd_ba||nd_na,True,4.138427117403251e-08,0.0644274362700628,False,,,True,8.410015844437396e-39,0.0667410261938262,2
zn_mn,si_v,zn_mn||si_v,True,4.200850434795708e-08,0.0358559800338544,True,4.545409928898053e-05,0.0182649492157857,False,,,2
si_cu,nd_ca,si_cu||nd_ca,True,4.467441235745367e-08,0.0497718799312689,True,0.0004440975694347,0.0171778374811453,False,,,2
cr_mn,si_v,cr_mn||si_v,True,4.4698434307164865e-08,0.0228683207375551,True,1.142268309546166e-05,0.0147457269767364,False,,,2
na_mn,cr_ti,na_mn||cr_ti,True,4.55245408674872e-08,0.0305939965381892,False,,,True,6.921992639441219e-41,0.0394005119575887,2
co_mn,cr_y,co_mn||cr_y,True,4.632397593571488e-08,0.032795038775284,False,,,True,7.44290971326319e-27,0.0239274450875863,2
ni_ca,nd_na,ni_ca||nd_na,True,4.6779754407497764e-08,0.0561026896793745,False,,,True,2.386233358644497e-36,0.0548308210889008,2
y_ti,nd_ti,y_ti||nd_ti,True,4.6928304056169117e-08,0.0465307406199087,False,,,True,7.598400085214991e-26,0.0291449803690636,2
y_mn,nd_v,y_mn||nd_v,True,8.755336809047376e-08,0.0486238819865909,False,,,True,6.655606295223989e-30,0.0394754631676644,2
sc_ca,nd_na,sc_ca||nd_na,True,4.734329646333063e-08,0.0564068069850729,False,,,True,5.076658745172391e-36,0.0544817108724611,2
ni_ti,nd_na,ni_ti||nd_na,True,4.865768241020021e-08,0.0570874651630899,False,,,True,1.8775951701705934e-36,0.056344268425046,2
v_y,cr_sc,v_y||cr_sc,True,4.8681094805866585e-08,0.0350155418426873,True,0.0004632869868994,0.013438605417883,False,,,2
mn_cu,y_mn,mn_cu||y_mn,True,4.8765979792707825e-08,0.0377302910497508,False,,,True,2.504131054853062e-27,0.0282525567483934,2
nd_ca,sc_ni,nd_ca||sc_ni,True,4.894411527807642e-08,0.0489327381004578,True,0.0005863046988821,0.0160333395694034,False,,,2
nd_v,si_nd,nd_v||si_nd,True,4.9223584794812e-08,0.0693198643658079,False,,,True,3.9673406060616e-25,0.0426642420927157,2
v_ni,nd_na,v_ni||nd_na,True,4.9697264135609144e-08,0.0566184315428998,False,,,True,1.817451155817729e-36,0.0558815410140436,2
y_mn,na_ti,y_mn||na_ti,True,5.1990186723892823e-08,0.0373708481296951,False,,,True,3.760780520596965e-31,0.03361621198739,2
mn_ca,co_si,mn_ca||co_si,True,5.2127383937848737e-08,0.0247008448508704,True,8.128502651710614e-05,0.0124513517986847,False,,,2
mn_ca,si_ni,mn_ca||si_ni,True,4.709241048797106e-08,0.0245945012026321,True,0.0004020781479713,0.0095402001886221,False,,,2
si_na,sc_nd,si_na||sc_nd,True,3.0639883236084925e-08,0.0462391678355389,True,0.0003732580194387,0.0166807781223469,False,,,2
nd_cu,si_nd,nd_cu||si_nd,True,3.0641622613889513e-08,0.079829722596993,False,,,True,1.255718629362348e-25,0.0485527076290533,2
si_nd,co_nd,si_nd||co_nd,True,3.276726616880547e-08,0.0735850946445572,False,,,True,1.2667507199104886e-25,0.0438933166367998,2
nd_cu,y_mn,nd_cu||y_mn,True,3.3459393344019234e-08,0.0619353131001148,False,,,True,1.1241680693050793e-30,0.0479219666580783,2
v_ti,nd_na,v_ti||nd_na,True,3.452633851311832e-08,0.0572955218392745,False,,,True,3.9643116820609134e-36,0.0547220373111918,2
sc_ti,nd_na,sc_ti||nd_na,True,3.5239472615172766e-08,0.0577084307090775,False,,,True,3.2280567217536025e-36,0.0555745949972672,2
si_ti,nd_na,si_ti||nd_na,True,3.5845417457837645e-08,0.0578423753613093,False,,,True,2.202876581396129e-37,0.0574186108541222,2
ti_ca,nd_na,ti_ca||nd_na,True,3.601713831730189e-08,0.0578459620427544,False,,,True,1.4280916010840745e-36,0.056122997878055,2
co_y,si_v,co_y||si_v,True,3.6234722474002626e-08,0.0334804086958137,True,0.0005149799577015,0.0133908279633788,False,,,2
co_ni,si_v,co_ni||si_v,True,4.0593012929028736e-08,0.02250413793313,True,6.597153306322448e-06,0.0151329215590298,False,,,2
v_y,cr_na,v_y||cr_na,True,3.7490999251926066e-08,0.0368961992781462,False,,,True,1.0851330274294026e-33,0.0343023008905956,2
v_cu,nd_na,v_cu||nd_na,True,3.76215780696036e-08,0.0577165405524255,False,,,True,3.567945371976822e-36,0.0551918287935138,2
co_mn,si_v,co_mn||si_v,True,3.8149313254302574e-08,0.0262679081575103,True,5.782322984408443e-05,0.0139199210892612,False,,,2
nd_ca,nd_ba,nd_ca||nd_ba,True,3.840410455088885e-08,0.0588498227720002,False,,,True,2.149294134637951e-25,0.0349586619929422,2
nd_na,co_sc,nd_na||co_sc,True,3.8487916596067474e-08,0.0572949153146481,False,,,True,6.226387703161342e-36,0.0548605398386056,2
nd_na,co_cr,nd_na||co_cr,True,3.880894740263179e-08,0.0571141157171852,False,,,True,2.2634355125210045e-38,0.0584248405059458,2
si_ni,cr_na,si_ni||cr_na,True,3.897583618476168e-08,0.0282389766663015,False,,,True,4.787275862091661e-43,0.0382638068219477,2
k_mn,nd_na,k_mn||nd_na,True,3.927745827588757e-08,0.0569654871478128,False,,,True,4.6504933070340484e-35,0.052779402946178,2
si_ni,co_si,si_ni||co_si,True,3.948280318698701e-08,0.0227079964372818,True,0.0002166387769509,0.0102337973942656,False,,,2
ni_ca,si_v,ni_ca||si_v,True,4.0147577395170586e-08,0.0246206719008123,True,1.54797937938411e-06,0.0199537463465558,False,,,2
na_zn,si_nd,na_zn||si_nd,True,3.66453565801228e-08,0.0546221131965299,False,,,True,8.804468752085856e-28,0.0371084245302677,2
na_v,si_v,na_v||si_v,True,6.475736789312685e-08,0.0287648938942074,True,0.0001925562787823,0.0136508725538554,False,,,2
si_ni,cr_k,si_ni||cr_k,True,6.56353415543843e-08,0.0251353258622767,True,7.817143129655581e-05,0.0123884248977824,False,,,2
cr_cu,nd_na,cr_cu||nd_na,True,6.676305939343463e-08,0.0559095050235017,False,,,True,3.2044827888021753e-38,0.060436320003085,2
nd_cu,cr_y,nd_cu||cr_y,True,6.787170027631686e-08,0.0581516868399661,False,,,True,7.415513994144125e-31,0.0474159315555689,2
co_cu,nd_na,co_cu||nd_na,True,6.840483912897513e-08,0.054652438665738,False,,,True,2.269604177785214e-36,0.0556677479040653,2
cr_na,cr_sc,cr_na||cr_sc,True,6.891389706809671e-08,0.0288482711323631,False,,,True,6.678829342411446e-41,0.0371634197605201,2
si_ca,nd_na,si_ca||nd_na,True,6.990625368058586e-08,0.0547658518103933,False,,,True,2.045640466705636e-38,0.0584753314566836,2
mn_ca,cr_na,mn_ca||cr_na,True,7.239064560802489e-08,0.02927358362824,False,,,True,2.44849070751358e-39,0.0358683580394615,2
y_cu,nd_na,y_cu||nd_na,True,7.386403586905183e-08,0.057072264349035,False,,,True,3.34151216763202e-33,0.051995518533717,2
co_ca,si_v,co_ca||si_v,True,5.278119646740384e-08,0.0243920044527652,True,2.3191571647907466e-07,0.0238444772801254,False,,,2
cr_y,sc_v,cr_y||sc_v,True,7.460392462429106e-08,0.0371269083547598,True,8.265257909474492e-05,0.0193235471926014,False,,,2
cr_y,nd_ba,cr_y||nd_ba,True,7.499251610045177e-08,0.0442870072975476,False,,,True,5.849020663188051e-33,0.0392474445527282,2
na_ca,y_mn,na_ca||y_mn,True,7.93497507334515e-08,0.0367083891182804,False,,,True,1.3142104462877795e-32,0.0370773517732406,2
cr_zn,si_v,cr_zn||si_v,True,8.03086013028955e-08,0.0332680511565965,True,6.012965877353366e-05,0.016562750761669,False,,,2
na_ni,si_v,na_ni||si_v,True,8.228182923422627e-08,0.0260960139046297,True,3.138807559847993e-05,0.0163424721112797,False,,,2
ni_y,cr_na,ni_y||cr_na,True,8.566434451694575e-08,0.0317465633806976,False,,,True,1.101350974750947e-37,0.0368565494782619,2
co_v,nd_na,co_v||nd_na,True,8.598027967480996e-08,0.0540580745444277,False,,,True,1.528475710922387e-36,0.0555436125010504,2
cr_y,cr_nd,cr_y||cr_nd,True,8.608444109775802e-08,0.0452616190250332,False,,,True,3.3626789629370285e-25,0.0286163547529852,2
k_ni,nd_na,k_ni||nd_na,True,2.564215077271574e-07,0.0501292327030605,False,,,True,1.715283641967165e-34,0.0522739008186894,2
sc_v,cr_si,sc_v||cr_si,True,8.856462869894063e-08,0.0339584423895169,True,4.75225074331852e-06,0.0236666087899773,False,,,2
nd_ca,v_ti,nd_ca||v_ti,True,7.406727506715665e-08,0.0478618088290376,True,0.0005481922440886,0.0163979582065189,False,,,2
si_mn,nd_ba,si_mn||nd_ba,True,5.337755775581359e-08,0.0442415533544663,False,,,True,2.368755368584979e-31,0.0355481297869441,2
na_mn,co_y,na_mn||co_y,True,5.409372767291182e-08,0.0360975459497018,False,,,True,1.3053122191048502e-31,0.0333727574246663,2
co_ti,nd_na,co_ti||nd_na,True,5.44367260017739e-08,0.0563353261688017,False,,,True,1.7702771442408128e-36,0.055956831935994,2
ni_y,nd_ni,ni_y||nd_ni,True,5.4445424304178476e-08,0.0458676568715992,False,,,True,1.6471222921242549e-25,0.0297996224745945,2
sc_ti,si_v,sc_ti||si_v,True,5.565301988481498e-08,0.0235601702980537,True,1.388692803884722e-06,0.0181912825853581,False,,,2
y_ti,nd_na,y_ti||nd_na,True,5.744926091418844e-08,0.0551175336280685,False,,,True,7.082181635954393e-40,0.0606491069697681,2
na_v,nd_na,na_v||nd_na,True,5.7775080252013536e-08,0.0568421861922079,False,,,True,3.6605907909239092e-37,0.058253699180553,2
si_mn,sc_v,si_mn||sc_v,True,5.7822470067996666e-08,0.0346898907825213,True,7.319199031369433e-06,0.0227575765088405,False,,,2
ba_y,nd_na,ba_y||nd_na,True,5.792203252008375e-08,0.0565373509012398,False,,,True,5.6686642784786425e-34,0.0518599110328418,2
cr_mn,nd_na,cr_mn||nd_na,True,6.42286282259611e-08,0.0555519247117891,False,,,True,1.1144265663268485e-36,0.0561869498430762,2
si_ca,cr_y,si_ca||cr_y,True,5.844589087449668e-08,0.0313777206758265,False,,,True,2.809302410089137e-25,0.0221079208903828,2
nd_ca,sc_v,nd_ca||sc_v,True,5.8761977330513305e-08,0.0499199151119691,True,5.589424715224293e-05,0.0238718352058589,False,,,2
co_ca,nd_na,co_ca||nd_na,True,5.987816008568339e-08,0.0551212572665194,False,,,True,9.823160057379082e-37,0.0552678171419996,2
ni_cu,nd_na,ni_cu||nd_na,True,5.990024229179743e-08,0.0557109041066382,False,,,True,9.20886212758628e-37,0.0565454142042889,2
co_ni,nd_na,co_ni||nd_na,True,6.081691878771477e-08,0.056132153100723,False,,,True,5.869838260299667e-37,0.0571101456331593,2
ti_cu,nd_na,ti_cu||nd_na,True,6.154348635368336e-08,0.0560546373799678,False,,,True,4.1422471159681843e-36,0.0566866070055186,2
co_na,cr_si,co_na||cr_si,True,6.283068728670876e-08,0.0296381118756505,False,,,True,2.5013860078315223e-27,0.0220634680941608,2
mn_cu,nd_na,mn_cu||nd_na,True,6.339998298527919e-08,0.0554282792915477,False,,,True,9.357782263250063e-40,0.0622616011411432,2
v_ca,nd_ca,v_ca||nd_ca,True,6.356493995597895e-08,0.0490262091625689,True,7.542507691908527e-05,0.0224998440105699,False,,,2
nd_ti,nd_na,nd_ti||nd_na,True,6.357401619493876e-08,0.0695796315160913,False,,,True,1.2315793855974184e-33,0.0606753235855288,2
si_mn,co_nd,si_mn||co_nd,True,5.8395347653352414e-08,0.0491342117812073,False,,,True,4.840146352609714e-28,0.0341489818525616,2
na_ca,co_ti,na_ca||co_ti,False,,,True,0.0001097136852573,0.0179816822561674,True,1.0087475044499036e-28,0.0269432584055218,2
na_ca,cr_k,na_ca||cr_k,False,,,True,0.0001107004140106,0.0181360703081272,True,8.68340987199302e-27,0.0253188766307948,2
na_ca,si_ni,na_ca||si_ni,False,,,True,0.0001155024794381,0.0174970934791628,True,1.2069246590232458e-30,0.0282798821510158,2
co_ca,na_ni,co_ca||na_ni,False,,,True,0.0001159378962232,0.0141139301503415,True,2.3205721552086385e-27,0.0206287302011392,2
ni_y,sc_na,ni_y||sc_na,False,,,True,0.0001199348310346,0.0186369262709945,True,2.1215478183919028e-27,0.0275626826318893,2
na_mn,sc_v,na_mn||sc_v,False,,,True,0.0001323567014835,0.0188723360789445,True,1.0339870910519267e-31,0.033072318198742,2
ca_cu,na_ti,ca_cu||na_ti,False,,,True,0.0001343951345006,0.0191943288779512,True,2.2357631979313275e-25,0.0262708019991818,2
sc_na,sc_si,sc_na||sc_si,False,,,True,0.0001456828147362,0.0187518479866595,True,3.194053126422808e-25,0.0265127455050301,2
na_ca,cr_ca,na_ca||cr_ca,False,,,True,0.0001697516523285,0.0170605537639054,True,3.5341653944170064e-30,0.0286275785761864,2
cr_ca,cr_sc,cr_ca||cr_sc,True,2.649195369326964e-07,0.0209719673692019,True,7.027157394812707e-05,0.0110889769205861,False,,,2
mn_ca,na_ca,mn_ca||na_ca,False,,,True,0.0001820010915712,0.0170744675670533,True,6.296150011287152e-29,0.027715050399892,2
na_ti,sc_na,na_ti||sc_na,False,,,True,0.0001892723925591,0.0217726407728886,True,4.5399296916162165e-30,0.0381058368625447,2
v_ti,na_ti,v_ti||na_ti,False,,,True,0.0001942965445951,0.0155646127271297,True,7.209740820174161e-25,0.0218966716081355,2
na_v,sc_na,na_v||sc_na,False,,,True,0.0001980530637436,0.0184100356230546,True,9.920677678969783e-29,0.0309956554562171,2
na_ca,si_na,na_ca||si_na,False,,,True,0.0001981517167788,0.0200831944682211,True,1.151419981550214e-25,0.0290968609494726,2
na_ca,cr_si,na_ca||cr_si,False,,,True,0.0001988535478577,0.0167390486468613,True,4.49503991484314e-35,0.0340571407040026,2
k_na,sc_na,k_na||sc_na,False,,,True,0.0001996297213741,0.0241336929214511,True,8.625471417923045e-28,0.038994105580818,2
na_ni,sc_na,na_ni||sc_na,False,,,True,0.000200317583751,0.0191650573540914,True,3.070174532071056e-31,0.0355741935004631,2
k_ca,sc_na,k_ca||sc_na,False,,,True,0.0002043357642817,0.0167899495496393,True,7.860215383663311e-25,0.0243488852878852,2
na_ti,sc_ni,na_ti||sc_ni,False,,,True,0.0002265816732561,0.0149554462475979,True,6.662160935368287e-25,0.0217439374400486,2
ni_cu,na_ca,ni_cu||na_ca,False,,,True,0.000178144031445,0.0173122312559468,True,6.337463023687143e-28,0.0274036234696035,2
na_ca,sc_mn,na_ca||sc_mn,False,,,True,5.937236162499736e-05,0.020019191130915,True,1.2870723289478023e-26,0.0258915181178855,2
co_v,sc_na,co_v||sc_na,False,,,True,6.013319660442149e-05,0.0191132593119177,True,3.0836863116841107e-26,0.0249726879796533,2
nd_ca,sc_na,nd_ca||sc_na,False,,,True,6.148508351771055e-05,0.024584741096425,True,1.4995458610567834e-25,0.0318434280265153,2
v_cu,sc_na,v_cu||sc_na,False,,,True,6.152208464576553e-05,0.0203418659345334,True,4.678765339971205e-25,0.0254538997176783,2
cr_ni,sc_na,cr_ni||sc_na,False,,,True,6.382999559627311e-05,0.0191322866263311,True,7.258240999071336e-30,0.028907509100468,2
sc_v,cr_na,sc_v||cr_na,False,,,True,6.790607057704816e-05,0.0203149082291314,True,2.731223833508617e-32,0.0333689286078019,2
k_ti,sc_na,k_ti||sc_na,False,,,True,7.363819279647945e-05,0.0191923427450581,True,5.799067142204318e-25,0.0243221432408654,2
co_ca,na_ti,co_ca||na_ti,False,,,True,7.488249500732973e-05,0.0173402455224053,True,5.054522687455983e-27,0.023373158939808,2
sc_na,co_cr,sc_na||co_cr,False,,,True,7.553497352833748e-05,0.0186457570369308,True,6.429627655879888e-31,0.0299456427920863,2
ti_cu,na_ca,ti_cu||na_ca,False,,,True,0.0001047641351366,0.020027261801133,True,2.7161891530883347e-27,0.0285282439571254,2
v_mn,sc_na,v_mn||sc_na,False,,,True,8.434817951665768e-05,0.0195359507434826,True,1.9595687259840128e-27,0.0277462689544098,2
cr_cu,sc_na,cr_cu||sc_na,False,,,True,8.510593152204634e-05,0.0208916244195583,True,1.5480376902450664e-30,0.0335548135607284,2
co_mn,sc_na,co_mn||sc_na,False,,,True,8.921047362543753e-05,0.0183643713611395,True,5.416745395873589e-31,0.0301332069636101,2
na_ca,sc_ti,na_ca||sc_ti,False,,,True,8.961829269955626e-05,0.0182600890595925,True,5.932155816109136e-29,0.0269499712150628,2
v_ca,cr_na,v_ca||cr_na,False,,,True,9.097823215845316e-05,0.0185268590368868,True,1.774147659310952e-36,0.0353101262796153,2
sc_na,sc_k,sc_na||sc_k,False,,,True,9.132338718981636e-05,0.0181067563392936,True,1.9613926872435823e-25,0.0240645067187897,2
si_ca,sc_na,si_ca||sc_na,False,,,True,9.530229391874732e-05,0.0185636679443289,True,7.924030679811742e-30,0.0293461421422626,2
co_cu,sc_na,co_cu||sc_na,False,,,True,9.549914288278724e-05,0.0191094836794989,True,2.387898333111789e-25,0.0254979183991901,2
na_ca,v_ni,na_ca||v_ni,False,,,True,9.931653259235591e-05,0.0179370790113079,True,3.1973461103254463e-28,0.0260330450099847,2
mn_cu,sc_na,mn_cu||sc_na,False,,,True,0.000101861303992,0.0196998977505637,True,1.0695994422778106e-32,0.0347983745514916,2
cr_mn,sc_na,cr_mn||sc_na,False,,,True,7.554461362927387e-05,0.0183553027800327,True,3.3023549884689674e-27,0.0257596905537236,2
v_cu,na_ca,v_cu||na_ca,False,,,True,0.0004260006350896,0.0155097157255569,True,1.3907202238712625e-25,0.0256164477931295,2
na_ca,k_ti,na_ca||k_ti,False,,,True,0.0004491053784895,0.0147021833153218,True,4.91600543280957e-26,0.0245664431283492,2
na_ca,co_v,na_ca||co_v,False,,,True,0.0004497873490854,0.0143934843832466,True,1.2660470375620944e-27,0.0255946494842626,2
na_ca,ni_y,na_ca||ni_y,False,,,True,0.000455291404081,0.0154637216598853,True,1.0217392494880409e-28,0.0286518518739744,2
si_mn,nd_y,si_mn||nd_y,True,2.278012870426468e-14,0.0952532171229052,False,,,True,1.177906998969608e-43,0.0560450443113761,2
si_mn,k_na,si_mn||k_na,False,,,True,0.0006199090214957,0.0159795340898778,True,7.526592320104878e-28,0.0308168677113011,2
co_cu,na_ca,co_cu||na_ca,False,,,True,0.0004641931969209,0.0151078994435244,True,8.507709913354724e-27,0.0263643024070492,2
na_ca,ti_mn,na_ca||ti_mn,False,,,True,0.0004700389845514,0.014348476961451,True,5.101810390437122e-31,0.0291707373331924,2
sc_na,cr_na,sc_na||cr_na,False,,,True,0.0004982280972662,0.0187559642318173,True,1.4620375333221436e-38,0.0499284202055021,2
ni_ca,na_ca,ni_ca||na_ca,False,,,True,0.000230850408278,0.0172027191154227,True,7.697378521348729e-27,0.026467262902962,2
si_na,cr_si,si_na||cr_si,False,,,True,0.0005074470216413,0.0126092628347191,True,2.531914256293016e-25,0.0210653854024539,2
na_ca,co_cr,na_ca||co_cr,False,,,True,0.0005277348597976,0.0141466517988883,True,1.1570992117774459e-32,0.0309950041774359,2
na_mn,co_sc,na_mn||co_sc,False,,,True,0.0005290021365547,0.0141589671598269,True,1.9847023191986525e-36,0.0355444955665321,2
si_cu,cr_na,si_cu||cr_na,False,,,True,0.0005441218002649,0.0138272448339286,True,1.3463615244122846e-35,0.0341344025645894,2
mn_cu,na_ca,mn_cu||na_ca,False,,,True,0.0005631637945811,0.0150623983404874,True,8.199963957889003e-35,0.0359042459378345,2
na_ca,v_mn,na_ca||v_mn,False,,,True,0.0005671547058801,0.0146912628665849,True,2.6528296038652525e-29,0.0290049758045658,2
na_ca,cr_ni,na_ca||cr_ni,False,,,True,0.0005717272179205,0.0140438235401014,True,2.434671020779963e-31,0.0297187311869974,2
k_na,cr_si,k_na||cr_si,False,,,True,0.0005832060523509,0.0161330119168166,True,9.505463459881794e-28,0.0307580672482393,2
na_ca,k_na,na_ca||k_na,False,,,True,0.0005913986753782,0.0200876844225148,True,3.3836509758949466e-29,0.0398993935176589,2
na_ni,cr_sc,na_ni||cr_sc,False,,,True,0.0005943001720752,0.010338998393024,True,2.2134379257262854e-26,0.0189528664014874,2
na_ca,ni_mn,na_ca||ni_mn,False,,,True,0.0004993658313517,0.0143732684145214,True,7.546803344506935e-32,0.0302554405335234,2
na_ti,cr_sc,na_ti||cr_sc,False,,,True,0.0002393130738608,0.0142039683149062,True,9.062359718671024e-28,0.0234472786296084,2
na_ca,co_ni,na_ca||co_ni,False,,,True,0.0002393955852441,0.0159197328030723,True,2.0261042895432489e-29,0.0273444215038634,2
cr_na,co_sc,cr_na||co_sc,False,,,True,0.0002397936117266,0.0154627127967689,True,6.327340852876722e-38,0.0359480810453674,2
na_ti,co_si,na_ti||co_si,False,,,True,0.000240942674234,0.0140187207290781,True,2.486090388516656e-26,0.0217070857445556,2
cr_y,sc_na,cr_y||sc_na,False,,,True,0.0002420016020443,0.0178942993871714,True,2.763683685016458e-34,0.0371325311312839,2
y_mn,sc_na,y_mn||sc_na,False,,,True,0.0002535417250956,0.0187287986956346,True,5.381229167746619e-32,0.0362009179149741,2
na_ca,si_mn,na_ca||si_mn,False,,,True,0.0002536997990792,0.0164062396225232,True,1.6812125174400574e-34,0.0339719158340295,2
y_ti,sc_na,y_ti||sc_na,False,,,True,0.0002826164053629,0.0169456913290157,True,5.261248916430875e-28,0.0290371326624119,2
na_ca,co_y,na_ca||co_y,False,,,True,0.0002920564194642,0.017400794984571,True,6.132339334891375e-25,0.0256910120284073,2
sc_y,sc_na,sc_y||sc_na,False,,,True,0.0004140209521316,0.0171122344301252,True,1.4252228138604275e-26,0.0296632566857175,2
sc_na,co_na,sc_na||co_na,False,,,True,0.0004564296162663,0.0170267536943144,True,7.189072853489113e-28,0.0315547434978627,2
na_ni,sc_ni,na_ni||sc_ni,False,,,True,0.0003162464922572,0.012053364234797,True,2.3028094425126392e-25,0.0190257622576042,2
cr_cu,na_ca,cr_cu||na_ca,False,,,True,0.0003174511056277,0.0169142465998182,True,9.671242569269371e-33,0.0344768551333862,2
sc_mn,na_ti,sc_mn||na_ti,False,,,True,0.0003326253784619,0.0143092440232565,True,3.2810193578318355e-25,0.0225494850690322,2
nd_ti,sc_na,nd_ti||sc_na,False,,,True,0.0003349454884379,0.0187594249997054,True,5.208350182941076e-30,0.0366327753509904,2
na_ca,ni_ti,na_ca||ni_ti,False,,,True,0.0003363234222645,0.0155232952893225,True,1.1253929108406719e-28,0.027254906681169,2
na_ca,cr_ti,na_ca||cr_ti,False,,,True,0.0003449620685959,0.0150833607358075,True,3.1120546501977623e-32,0.0302673805627936,2
y_ca,sc_na,y_ca||sc_na,False,,,True,0.0003596853969221,0.0171850443474163,True,2.419574943971094e-28,0.0308530949259138,2
na_ca,sc_ca,na_ca||sc_ca,False,,,True,0.0003861840890593,0.0150289208309669,True,2.3653511860048842e-27,0.0258196801820135,2
na_ca,si_ti,na_ca||si_ti,False,,,True,0.0004130975022783,0.0147889200476486,True,2.1833710314226433e-30,0.0286679482525609,2
na_ca,cr_v,na_ca||cr_v,False,,,True,0.000298543858425,0.0161919014623626,True,6.324669025734759e-29,0.0283812341634664,2
mn_ca,cr_sc,mn_ca||cr_sc,True,3.342102253767416e-07,0.0233328067685004,True,8.231194063942728e-05,0.0123842134103119,False,,,2
cr_ti,cr_sc,cr_ti||cr_sc,True,3.346862601829515e-07,0.0197573326514771,True,0.0003782490118271,0.0082576223785202,False,,,2
v_ca,co_si,v_ca||co_si,True,3.3822470431385534e-07,0.0217466706547281,True,2.412690460502323e-07,0.0248207232369767,False,,,2
zn_mn,na_mn,zn_mn||na_mn,True,3.4408436174738565e-07,0.033979931425667,False,,,True,4.455775944006933e-31,0.0332176024240345,2
na_mn,ni_ti,na_mn||ni_ti,True,3.464032493306887e-07,0.0260065838173035,False,,,True,7.185602030984407e-39,0.0372350188939929,2
y_ti,nd_ni,y_ti||nd_ni,True,3.543414600225639e-07,0.0398774882581974,False,,,True,4.6264229457833504e-26,0.0304160080548272,2
ni_mn,na_mn,ni_mn||na_mn,True,3.543560800066521e-07,0.0277455578593891,False,,,True,3.974339290348819e-38,0.0386860030417394,2
sc_cu,nd_ca,sc_cu||nd_ca,True,3.728652688168413e-07,0.0451925968065066,True,0.0003646047587606,0.019079930265008,False,,,2
si_v,co_na,si_v||co_na,True,3.738864683887572e-07,0.0253072558625856,True,0.0003198157016296,0.012872441217586,False,,,2
ca_cu,na_ca,ca_cu||na_ca,False,,,True,5.876376942009589e-05,0.0234075711834661,True,1.0715142380405557e-25,0.028860873501839,2
na_mn,cr_zn,na_mn||cr_zn,True,3.777896299295295e-07,0.0322120408754386,False,,,True,1.4575337735505238e-32,0.0333736500351499,2
nd_zn,nd_ba,nd_zn||nd_ba,True,3.888493938321124e-07,0.0539653630436799,False,,,True,3.9168442379584208e-25,0.0370018544989855,2
cr_ti,cr_na,cr_ti||cr_na,True,3.904394881106105e-07,0.0244063761635242,False,,,True,6.877188804950076e-44,0.0400129147049016,2
si_cu,si_v,si_cu||si_v,True,3.925809356538822e-07,0.026006169774696,True,2.131260262620376e-06,0.0229655093004261,False,,,2
si_v,co_v,si_v||co_v,True,4.083387801368354e-07,0.0225897522490512,True,2.41744300490666e-05,0.0150954413225951,False,,,2
cr_cu,cr_y,cr_cu||cr_y,True,4.1385831819265353e-07,0.0299926959709169,False,,,True,2.4018719968766088e-29,0.0288875064499262,2
nd_ni,na_v,nd_ni||na_v,True,4.215544905162696e-07,0.0399601423836808,False,,,True,1.611927371865795e-25,0.029730004767366,2
si_mn,nd_v,si_mn||nd_v,True,4.241001246335231e-07,0.0411875797802745,False,,,True,3.03651227293173e-26,0.0323410667365868,2
si_v,sc_na,si_v||sc_na,False,,,True,4.881371040538879e-07,0.0309434540847605,True,4.9766197846790797e-26,0.0247245943415321,2
v_ca,sc_na,v_ca||sc_na,False,,,True,4.953853468784644e-07,0.0334199026744607,True,8.693498258104306e-25,0.0251061631124492,2
ba_y,nd_ba,ba_y||nd_ba,True,3.747188504180861e-07,0.0411227463257676,False,,,True,5.001381513472113e-27,0.0317436391531094,2
v_ti,si_ni,v_ti||si_ni,True,2.6379205371258186e-07,0.0195039154158673,True,5.227489083077304e-06,0.0159485743768611,False,,,2
cr_y,co_na,cr_y||co_na,True,3.028525564479297e-08,0.0353650799748677,False,,,True,4.725197262896106e-28,0.0268278604513083,2
y_ca,nd_na,y_ca||nd_na,True,2.6870465819778105e-07,0.0501719027622723,False,,,True,4.728616410653748e-40,0.061634347960902,2
nd_na,co_nd,nd_na||co_nd,True,2.709992420234342e-07,0.0645476606957941,False,,,True,9.749788977587648e-34,0.0634539280112784,2
co_zn,nd_na,co_zn||nd_na,True,2.746302054217479e-07,0.0503371277051641,False,,,True,3.7562200674539216e-33,0.0498672267806811,2
ba_y,si_v,ba_y||si_v,True,2.748821614866072e-07,0.0315629842579486,True,9.895898854217844e-05,0.0168373875012798,False,,,2
v_y,nd_ba,v_y||nd_ba,True,2.754881001209132e-07,0.0412329681581934,False,,,True,1.3846294546723204e-25,0.0296787976437097,2
na_mn,cr_na,na_mn||cr_na,True,2.782352749888669e-07,0.0348977634085149,False,,,True,3.0212569723129845e-44,0.0583577105002374,2
v_zn,nd_na,v_zn||nd_na,True,2.8325750877743333e-07,0.0509901261705712,False,,,True,5.454235924079965e-32,0.0486771111924653,2
si_cu,cr_si,si_cu||cr_si,True,3.289513921824321e-07,0.0272395150370739,True,0.0003441316177994,0.0126422509948189,False,,,2
nd_cu,cr_si,nd_cu||cr_si,True,2.869947172510292e-07,0.0525935910458383,False,,,True,4.1139311523049676e-26,0.0391766793814273,2
sc_mn,nd_ba,sc_mn||nd_ba,True,2.941322837361359e-07,0.0401587054847843,False,,,True,2.651617372880816e-27,0.0304726798930814,2
nd_na,co_k,nd_na||co_k,True,3.057732101953227e-07,0.0498052036660409,False,,,True,1.1400153843542102e-34,0.0527621191604108,2
na_mn,si_ti,na_mn||si_ti,True,3.080260241996928e-07,0.0265514097133366,False,,,True,1.806150999196693e-39,0.0379303130139128,2
na_mn,nd_ba,na_mn||nd_ba,True,3.092779639373306e-07,0.0398672624483602,False,,,True,1.1859613529423656e-42,0.0534409703103995,2
v_ca,ni_y,v_ca||ni_y,True,3.127115055594116e-07,0.0273273381230002,True,3.818552198541363e-05,0.0184583274951632,False,,,2
co_y,cr_na,co_y||cr_na,True,3.139402559027066e-07,0.0305548563222784,False,,,True,1.8009903403899188e-33,0.0339949942805174,2
si_mn,si_na,si_mn||si_na,True,3.1695947448957133e-07,0.0272060572345063,True,0.0006159753372606,0.012547477706969,False,,,2
co_si,cr_k,co_si||cr_k,True,3.22546518335147e-07,0.0227346888932805,True,5.063766613968115e-05,0.0134991575579519,False,,,2
na_mn,co_nd,na_mn||co_nd,True,3.237978304854704e-07,0.0437923875361377,False,,,True,3.4142045999145924e-39,0.051069496036893,2
sc_y,nd_na,sc_y||nd_na,True,2.840073813164643e-07,0.0493915437916167,False,,,True,1.1692336605761292e-39,0.0610561224463982,2
na_ca,v_ti,na_ca||v_ti,False,,,True,2.6845972452935263e-05,0.021955552866188,True,4.4311639242627724e-27,0.0258707654278053,2
sc_na,cr_k,sc_na||cr_k,False,,,True,2.8235751068203077e-05,0.021562272314613,True,1.6652190845231859e-25,0.0248031130766826,2
ti_cu,sc_na,ti_cu||sc_na,False,,,True,2.9201253014647117e-05,0.0239081364062737,True,7.691315559405e-26,0.0280430229935912,2
na_ca,co_si,na_ca||co_si,False,,,True,2.981914722671499e-05,0.0207709597079997,True,3.0369195795950863e-28,0.0259642825515685,2
ni_ti,sc_na,ni_ti||sc_na,False,,,True,3.061717194634367e-05,0.0211505671481345,True,4.83124997570693e-27,0.0262359660572101,2
si_ti,sc_na,si_ti||sc_na,False,,,True,3.091598337131285e-05,0.0210216756699293,True,4.023219889620805e-28,0.0273023641096919,2
na_ca,co_ca,na_ca||co_ca,False,,,True,3.180242431079179e-05,0.0219831609296223,True,1.243767553009135e-27,0.0270177195180331,2
na_ca,cr_sc,na_ca||cr_sc,False,,,True,3.309682731306992e-05,0.0207192757916448,True,3.9058726089418084e-29,0.0272795583836858,2
cr_ti,sc_na,cr_ti||sc_na,False,,,True,3.361174858514886e-05,0.0203826690650362,True,1.47104584658964e-30,0.0292721282349913,2
co_ca,sc_na,co_ca||sc_na,False,,,True,2.337975062000339e-06,0.0275202395544686,True,1.176624899936469e-27,0.0267733548218688,2
co_ni,sc_na,co_ni||sc_na,False,,,True,3.523413731530877e-05,0.0202221341175051,True,9.287675902504798e-28,0.0263259571751985,2
na_ni,co_sc,na_ni||co_sc,False,,,True,3.922884991690681e-05,0.0167344278315225,True,3.219433179653658e-25,0.0197990060703363,2
na_ca,sc_ni,na_ca||sc_ni,False,,,True,4.021259096095897e-05,0.0208803723028448,True,8.753264995027524e-27,0.0257004990368224,2
sc_cu,na_ca,sc_cu||na_ca,False,,,True,4.26684682063315e-05,0.0242280750012362,True,2.107851530482095e-25,0.0288120128463259,2
ni_cu,sc_na,ni_cu||sc_na,False,,,True,4.507865858329285e-05,0.020867275065056,True,1.793153886058493e-26,0.0266732033620544,2
ti_mn,sc_na,ti_mn||sc_na,False,,,True,5.02272327223602e-05,0.0195249389016726,True,6.0458299112280615e-30,0.0287918842223167,2
na_ca,sc_na,na_ca||sc_na,False,,,True,5.135730399025655e-05,0.0266405380186502,True,6.59795144098752e-32,0.0412828313572811,2
ni_mn,sc_na,ni_mn||sc_na,False,,,True,5.452163263632366e-05,0.0193930634971834,True,1.0560315404679961e-30,0.0295465258483909,2
sc_ca,sc_na,sc_ca||sc_na,False,,,True,5.46560763362886e-05,0.0197475440520767,True,2.949275646161918e-26,0.0256124608171307,2
cr_v,sc_na,cr_v||sc_na,False,,,True,5.732296507848518e-05,0.0206230510922832,True,1.024931596565301e-26,0.0271843147998588,2
na_ti,co_sc,na_ti||co_sc,False,,,True,3.439494047479855e-05,0.0194343066804883,True,1.2693656643122234e-25,0.0228162794968772,2
sc_na,co_si,sc_na||co_si,False,,,True,2.948699766886414e-06,0.0259748471449466,True,1.852672730336377e-26,0.0247434779429666,2
sc_na,co_sc,sc_na||co_sc,False,,,True,3.4042240397840133e-06,0.0283606622550686,True,5.34694323434576e-25,0.0258957261762676,2
na_ca,si_v,na_ca||si_v,False,,,True,4.594238411457978e-06,0.0255717816647894,True,1.7220641414693935e-27,0.0255105876523115,2
v_ca,na_ca,v_ca||na_ca,False,,,True,6.227042574583715e-06,0.027569463210238,True,1.3933653005306839e-25,0.02600860428431,2
v_ti,sc_na,v_ti||sc_na,False,,,True,6.429338472029615e-06,0.0259576521522316,True,3.635571591442182e-25,0.0251098907940352,2
si_ni,sc_na,si_ni||sc_na,False,,,True,6.643176889982743e-06,0.0240544719114257,True,2.1194687074401253e-28,0.0267789187376127,2
na_ca,co_sc,na_ca||co_sc,False,,,True,7.696852741581414e-06,0.0250342744445177,True,2.0780848566514175e-27,0.0264913200246492,2
sc_na,cr_sc,sc_na||cr_sc,False,,,True,7.808031167499358e-06,0.0244855993475947,True,5.43976148838293e-29,0.0283736770022814,2
cr_ca,sc_na,cr_ca||sc_na,False,,,True,1.0212590361156e-05,0.0231772920255561,True,7.398778031120659e-28,0.0263909780527212,2
si_mn,sc_na,si_mn||sc_na,False,,,True,2.329239393676012e-05,0.022080546763255,True,1.2271153374855123e-32,0.0324461519021862,2
ni_ca,sc_na,ni_ca||sc_na,False,,,True,1.2893312577466042e-05,0.0234161765495522,True,1.853162434856669e-26,0.0255820043229844,2
sc_mn,sc_na,sc_mn||sc_na,False,,,True,1.3651183211149036e-05,0.0241419920877607,True,1.0430009601165376e-26,0.0272194553200454,2
v_ni,sc_na,v_ni||sc_na,False,,,True,1.542927631332896e-05,0.0225162903145073,True,2.2895614884192703e-26,0.0252438405118134,2
ti_ca,sc_na,ti_ca||sc_na,False,,,True,1.5727400869222376e-05,0.0220819224593822,True,2.140381924241137e-28,0.0268800822165781,2
mn_ca,sc_na,mn_ca||sc_na,False,,,True,1.611060848696824e-05,0.0225344131559155,True,7.16388421795752e-27,0.0258239128757482,2
sc_na,cr_si,sc_na||cr_si,False,,,True,1.627495270242033e-05,0.0227733256761694,True,1.2235756394650796e-32,0.0323501033688406,2
co_ti,sc_na,co_ti||sc_na,False,,,True,1.899298137927861e-05,0.022099073916906,True,2.67236683357696e-27,0.0262966061705224,2
na_ti,si_v,na_ti||si_v,False,,,True,1.9945313840247345e-05,0.0198000766747833,True,1.524374007968378e-25,0.0215168184226296,2
sc_ti,sc_na,sc_ti||sc_na,False,,,True,2.027035107543919e-05,0.0221708844143844,True,8.291165054031936e-27,0.0261947596494551,2
si_na,sc_na,si_na||sc_na,False,,,True,2.2403469808989555e-05,0.0256220873593156,True,2.1214997155903985e-25,0.0284299427268214,2
ca_cu,sc_na,ca_cu||sc_na,False,,,True,1.02339447660491e-05,0.0281824797660725,True,1.2675536404753397e-25,0.0289865253452746,2
sc_nd,co_si,sc_nd||co_si,True,8.567796166073506e-11,0.0624654242766438,True,0.0005151852213666,0.0148516611611297,False,,,2
nd_y,sc_y,nd_y||sc_y,True,8.663740153013759e-11,0.0725976232312683,False,,,True,6.924942397410802e-38,0.0524601838127329,2
cr_ca,si_nd,cr_ca||si_nd,True,9.078932523746958e-11,0.0729944430533688,False,,,True,1.6179983390878447e-26,0.0320943155333549,2
zn_mn,si_nd,zn_mn||si_nd,True,9.166690174329732e-11,0.0750176987134663,False,,,True,2.581722874443312e-25,0.0316440871501032,2
cr_ti,si_v,cr_ti||si_v,True,9.505001605787645e-11,0.0318551047413408,True,2.4106184810086637e-06,0.0167656620972092,False,,,2
nd_y,si_ba,nd_y||si_ba,True,1.0484895305950664e-10,0.0728229663786367,False,,,True,2.409335060794911e-33,0.0433412238399075,2
cr_na,si_nd,cr_na||si_nd,True,1.0594264935982581e-10,0.0730810332220357,False,,,True,1.4945387537266043e-41,0.0550609255174928,2
cr_y,cr_si,cr_y||cr_si,True,1.0699673601860587e-10,0.0465947291059078,False,,,True,1.2517665211246685e-27,0.0250248349842313,2
nd_y,v_zn,nd_y||v_zn,True,1.1003541465910359e-10,0.0737538764577076,False,,,True,1.7971664114289558e-32,0.0434330857871534,2
nd_na,cr_na,nd_na||cr_na,True,2.7843243640134064e-08,0.0600688327190165,False,,,True,4.774107315582035e-44,0.0733020438698094,2
co_y,si_nd,co_y||si_nd,True,1.1297868318237227e-10,0.0727790885588854,False,,,True,6.2132232214294815e-27,0.0338167197615245,2
si_ni,si_nd,si_ni||si_nd,True,1.1357575477485728e-10,0.0728899302276539,False,,,True,1.0946655791408608e-26,0.032596498899201,2
cr_ca,si_v,cr_ca||si_v,True,1.1724728870318975e-10,0.0338561425065461,True,7.809313111609236e-07,0.0195419685466041,False,,,2
sc_nd,cr_sc,sc_nd||cr_sc,True,1.2197951763575954e-10,0.061439119824964,True,0.0006165947927801,0.0143750811466743,False,,,2
nd_y,nd_ba,nd_y||nd_ba,True,1.2359023326911394e-10,0.0839276973112357,False,,,True,2.9752640028160285e-39,0.0615259927428504,2
sc_ni,si_nd,sc_ni||si_nd,True,1.2447388025661738e-10,0.0716135196672806,False,,,True,2.476748740045147e-25,0.0310083668111984,2
nd_y,k_si,nd_y||k_si,True,1.3162844275815602e-10,0.0705303571957656,False,,,True,2.541391366364442e-36,0.04810867578342,2
nd_ca,y_mn,nd_ca||y_mn,True,1.4130456692544251e-10,0.0715556122885224,False,,,True,7.284047301345398e-25,0.0307404221964297,2
sc_mn,sc_nd,sc_mn||sc_nd,True,1.5976397327891063e-10,0.0618640247275223,True,0.0004833689121711,0.0152707380765673,False,,,2
si_nd,co_si,si_nd||co_si,True,1.1275064790466053e-10,0.0713828351104524,False,,,True,2.943754817314371e-26,0.0316575964583504,2
si_v,sc_nd,si_v||sc_nd,True,3.1478758896664616e-11,0.0664270255928174,True,8.163697274913305e-05,0.0196076671327406,False,,,2
ni_y,si_nd,ni_y||si_nd,True,3.4201567570423804e-11,0.0751744452164101,False,,,True,9.436052612293777e-30,0.0368410799663442,2
na_y,nd_y,na_y||nd_y,True,3.4459028616796715e-11,0.0737363051730583,False,,,True,2.5882125661726304e-35,0.0463040741342833,2
ba_y,nd_y,ba_y||nd_y,True,3.519121214479112e-11,0.0771857937636444,False,,,True,2.919374306304259e-34,0.0464701171893687,2
nd_y,sc_zn,nd_y||sc_zn,True,3.889966012482559e-11,0.0737629117642498,False,,,True,5.738599744931694e-36,0.0461591725500582,2
si_mn,cr_y,si_mn||cr_y,True,4.137692337734133e-11,0.049837511091809,False,,,True,3.769395051309083e-27,0.0252392487568174,2
nd_y,zn_ni,nd_y||zn_ni,True,4.1790011076390445e-11,0.0729400983730675,False,,,True,2.7234444090689737e-35,0.0451508672052769,2
nd_y,nd_na,nd_y||nd_na,True,4.276416774452533e-11,0.1029073516477904,False,,,True,1.5681665567791844e-42,0.0805461283006545,2
zn_ti,nd_y,zn_ti||nd_y,True,4.3320316425328684e-11,0.0727838765848958,False,,,True,4.1801388820001866e-36,0.0459480427157671,2
nd_y,nd_ni,nd_y||nd_ni,True,8.381349346339715e-11,0.0902830431002907,False,,,True,2.928461192370709e-35,0.057069604906481,2
y_mn,cr_si,y_mn||cr_si,True,4.710382335496935e-11,0.0533312230022348,False,,,True,4.263517547790263e-25,0.024674796885961,2
nd_y,co_k,nd_y||co_k,True,4.726023519800739e-11,0.0730709453121167,False,,,True,2.4123125390152936e-36,0.0475160044632558,2
nd_ti,nd_y,nd_ti||nd_y,True,4.828637846275517e-11,0.0923715811021517,False,,,True,1.2097687258007418e-35,0.0559509540834652,2
na_mn,si_nd,na_mn||si_nd,True,5.362754350303594e-11,0.0748445347194782,False,,,True,2.1229572568452608e-42,0.0562423672074891,2
mn_ca,si_nd,mn_ca||si_nd,True,5.3675702973107315e-11,0.0738487688415659,False,,,True,1.0339609814422314e-26,0.0321664414618973,2
nd_y,co_zn,nd_y||co_zn,True,5.832119862701661e-11,0.0728286667035706,False,,,True,1.1218292937301402e-34,0.0448940368647033,2
ti_mn,si_nd,ti_mn||si_nd,True,5.990762587749901e-11,0.0734967576507421,False,,,True,1.3191519252074212e-28,0.0346654425860952,2
y_ca,nd_y,y_ca||nd_y,True,6.112679575373625e-11,0.0720869793589288,False,,,True,3.623641676344034e-38,0.0518592726864917,2
na_mn,sc_nd,na_mn||sc_nd,True,7.254079469965521e-11,0.0651584568102094,False,,,True,4.3574305477774015e-38,0.0445379096276998,2
cr_ti,si_nd,cr_ti||si_nd,True,8.372853213932964e-11,0.0737393231386045,False,,,True,4.398994656426618e-28,0.0345485567857869,2
nd_y,si_y,nd_y||si_y,True,4.5800353112656277e-11,0.0713529352117079,False,,,True,8.042430451809431e-37,0.0479034306593558,2
nd_y,ba_ni,nd_y||ba_ni,True,3.4978481657860963e-10,0.067040574397409,False,,,True,2.315486095735936e-33,0.0434752714367778,2
k_cu,nd_y,k_cu||nd_y,True,3.5185061686645186e-10,0.0713866700587311,False,,,True,5.463620457804586e-34,0.0488801169891153,2
nd_y,k_zn,nd_y||k_zn,True,3.6496364940031647e-10,0.0689261971152063,False,,,True,2.0784463367786748e-33,0.0440306958496742,2
ti_ca,si_nd,ti_ca||si_nd,True,3.928898087803762e-10,0.0678472171076847,False,,,True,1.4403465198775347e-26,0.032226932619282,2
si_nd,co_cr,si_nd||co_cr,True,3.9434854018926445e-10,0.0679797645574123,False,,,True,7.652004681475741e-29,0.035483679070332,2
nd_y,nd_zn,nd_y||nd_zn,True,4.023878123783091e-10,0.0901099991713216,False,,,True,4.4673062459343455e-32,0.05272066457878,2
co_ti,si_nd,co_ti||si_nd,True,4.063075804877449e-10,0.0677840723414969,False,,,True,1.501708841822778e-26,0.0322714257475869,2
co_ca,si_nd,co_ca||si_nd,True,4.1172228480942896e-10,0.0669883157048849,False,,,True,6.4139209655242855e-27,0.0325654026226257,2
ni_ti,si_nd,ni_ti||si_nd,True,4.4697137180925515e-10,0.0678155838479681,False,,,True,2.4092645606785123e-26,0.03214764590258,2
si_cu,si_nd,si_cu||si_nd,True,1.5995943987901927e-10,0.0700151991827813,False,,,True,3.043679832653867e-25,0.0306503270586966,2
nd_y,cr_nd,nd_y||cr_nd,True,4.5167823129651577e-10,0.0819742125402294,False,,,True,1.5670766722761312e-33,0.0509625612734615,2
y_mn,nd_na,y_mn||nd_na,True,4.529710739790676e-10,0.0747461011337265,False,,,True,5.032942641755209e-43,0.0671416876500342,2
nd_cu,nd_y,nd_cu||nd_y,True,4.5965630306243423e-10,0.0948749050056891,False,,,True,3.2712145751209163e-34,0.0637575764668662,2
nd_ti,cr_y,nd_ti||cr_y,True,4.8647718326793e-10,0.0610668172039953,False,,,True,2.906903414961558e-31,0.0363055187790135,2
na_ni,si_nd,na_ni||si_nd,True,4.883316689261354e-10,0.0668496575867615,False,,,True,1.9020323898010247e-34,0.0430712421264735,2
si_ti,si_nd,si_ti||si_nd,True,5.165807229334286e-10,0.0675627721390593,False,,,True,7.560859471337092e-27,0.0332527504363251,2
ni_ca,si_nd,ni_ca||si_nd,True,5.230884233450893e-10,0.0663893845049883,False,,,True,2.66715937582839e-26,0.0316717930826656,2
cr_mn,si_nd,cr_mn||si_nd,True,5.365395873088194e-10,0.0664857757126971,False,,,True,1.2976870261569966e-26,0.0322993137354726,2
nd_y,k_na,nd_y||k_na,True,5.439033743732596e-10,0.0680633795432774,False,,,True,5.392598247882431e-42,0.0611557337307111,2
v_ni,si_nd,v_ni||si_nd,True,4.5078799370842625e-10,0.0672846709277729,False,,,True,2.070766183292768e-26,0.0320532706708585,2
na_v,si_nd,na_v||si_nd,True,1.6286160112866803e-10,0.0715584997845738,False,,,True,1.2082531127159006e-30,0.0382566380677434,2
ni_mn,si_nd,ni_mn||si_nd,True,1.7942101650915746e-10,0.0700598748665653,False,,,True,2.8205978651211534e-29,0.0356213035203599,2
zn_ca,nd_y,zn_ca||nd_y,True,1.8566404523127702e-10,0.0691174846724935,False,,,True,3.0330295134442245e-35,0.0457080554206743,2
cr_si,cr_sc,cr_si||cr_sc,True,1.8578663183531623e-10,0.0355895493469367,True,0.0004494504795906,0.0096259717278129,False,,,2
nd_y,k_v,nd_y||k_v,True,1.869999147004469e-10,0.0713097622880549,False,,,True,2.139926164147698e-33,0.0452278011699215,2
si_nd,cr_k,si_nd||cr_k,True,1.8898346807954082e-10,0.0696128585746646,False,,,True,1.6609228682155627e-25,0.0307042547460071,2
cr_na,sc_nd,cr_na||sc_nd,True,1.924717807032572e-10,0.0619559370641072,False,,,True,3.012361442819553e-38,0.0438804328477383,2
si_v,cr_sc,si_v||cr_sc,True,1.9662011564399468e-10,0.0341651673640933,True,2.0748885382429298e-07,0.0217719390518029,False,,,2
nd_y,k_nd,nd_y||k_nd,True,1.9736458934770104e-10,0.0878413589880275,False,,,True,9.045260917223904e-32,0.0495174693154833,2
co_mn,si_nd,co_mn||si_nd,True,3.2239103680857015e-10,0.0675638567696733,False,,,True,5.448636344177742e-30,0.0365492955132267,2
y_mn,nd_ti,y_mn||nd_ti,True,2.0786729175199214e-10,0.0660919151903473,False,,,True,5.6473525967000545e-30,0.0363849233844942,2
si_nd,sc_nd,si_nd||sc_nd,True,2.1136600171211855e-10,0.0890828417779787,False,,,True,6.504084669922155e-25,0.0378774781261538,2
sc_v,si_nd,sc_v||si_nd,True,2.1323155611939863e-10,0.0712716837181724,True,0.0001431342730252,0.0221940832798396,False,,,2
cr_ni,si_nd,cr_ni||si_nd,True,2.2705984635010447e-10,0.0700320361443439,False,,,True,2.2662038257184597e-28,0.0348549520018904,2
nd_y,si_zn,nd_y||si_zn,True,2.4516446511500255e-10,0.0681420553439578,False,,,True,5.007170447128756e-35,0.0454688854855074,2
nd_ca,cr_y,nd_ca||cr_y,True,2.5059587373332966e-10,0.0673913138049099,False,,,True,6.513736329660409e-26,0.0308187205356217,2
y_ti,si_nd,y_ti||si_nd,True,2.7333350856132757e-10,0.0679986188341975,False,,,True,1.0333536971365474e-30,0.0381312740056208,2
nd_y,co_nd,nd_y||co_nd,True,2.781796259338803e-10,0.0875705092338599,False,,,True,2.549529528302736e-36,0.059675948614467,2
v_ti,si_nd,v_ti||si_nd,True,3.050878407747196e-10,0.0680860688049768,False,,,True,6.261322167762694e-26,0.0313454276656321,2
sc_ti,si_nd,sc_ti||si_nd,True,3.1114005421291475e-10,0.0686613274459727,False,,,True,3.0942294874419167e-26,0.0319442027195688,2
cr_zn,si_nd,cr_zn||si_nd,True,2.03337390170382e-10,0.0717118078819035,False,,,True,3.696464068519894e-25,0.0311015742491434,2
v_ti,nd_y,v_ti||nd_y,True,1.1897673933680496e-12,0.0824312959375548,False,,,True,1.7763476761853838e-39,0.0501260340928255,2
nd_y,cr_ni,nd_y||cr_ni,True,1.231465166150269e-12,0.0830903692843584,False,,,True,4.7522700204335765e-42,0.0543804605098486,2
nd_y,cr_k,nd_y||cr_k,True,1.2349930705484574e-12,0.0824106732304314,False,,,True,1.2758969660926503e-38,0.0485783369234748,2
y_mn,sc_nd,y_mn||sc_nd,True,1.4525587583137677e-12,0.0793106961587797,False,,,True,1.919017767254177e-28,0.0331383108890045,2
v_y,nd_y,v_y||nd_y,True,1.456664325236459e-12,0.0850655251768189,False,,,True,4.719195110300896e-36,0.0478201050270045,2
zn_mn,nd_y,zn_mn||nd_y,True,1.4710371239208953e-12,0.0851250412669598,False,,,True,3.824092457731535e-37,0.0479984853808801,2
nd_y,co_sc,nd_y||co_sc,True,1.5040998228062234e-12,0.0822369385002225,False,,,True,3.4821629089146504e-39,0.0500790885180804,2
ni_ti,nd_y,ni_ti||nd_y,True,1.5652327403515837e-12,0.0825469390206153,False,,,True,3.228439319914643e-40,0.0519196059726647,2
co_ti,nd_y,co_ti||nd_y,True,1.732557235799656e-12,0.08166846745109,False,,,True,3.2676215905238518e-40,0.0514623618924694,2
si_v,si_nd,si_v||si_nd,True,2.962485200714894e-11,0.0768211123990317,False,,,True,8.567538273326726e-26,0.0311678326087029,2
nd_y,v_ni,nd_y||v_ni,True,1.7959877333184774e-12,0.0817212256123642,False,,,True,4.5821385347809885e-40,0.0511913007604317,2
nd_y,co_cr,nd_y||co_cr,True,1.8974931292232243e-12,0.0812216015381267,False,,,True,2.4553488012570693e-42,0.0544299104946068,2
co_mn,nd_y,co_mn||nd_y,True,1.926390128755412e-12,0.080579728095977,False,,,True,9.101429549647733e-43,0.0544351252637885,2
nd_y,si_nd,nd_y||si_nd,True,1.9790708016161744e-12,0.1119651182785981,False,,,True,1.1715066097501084e-37,0.0631184814716565,2
y_mn,si_nd,y_mn||si_nd,True,2.042473467541973e-12,0.0874130478754379,False,,,True,2.1565601504837875e-34,0.0452278938228883,2
ni_ca,nd_y,ni_ca||nd_y,True,2.1550428291738505e-12,0.0806855967590164,False,,,True,4.64964061138573e-39,0.0497103602661702,2
si_mn,sc_nd,si_mn||sc_nd,True,2.1757580776105377e-12,0.0746768257045751,False,,,True,3.626805502971877e-25,0.0263400128817739,2
cr_mn,nd_y,cr_mn||nd_y,True,2.298812262745118e-12,0.0802730519761118,False,,,True,2.503782732451805e-40,0.0513440116604929,2
k_mn,nd_y,k_mn||nd_y,True,2.350562173746549e-12,0.0814997061028169,False,,,True,2.293196984282461e-37,0.0473925828782235,2
nd_y,co_ni,nd_y||co_ni,True,1.7881889782272396e-12,0.0817424589228151,False,,,True,4.982334714935007e-41,0.0528642759363335,2
nd_y,si_v,nd_y||si_v,True,4.002183736539234e-14,0.0937753762968799,False,,,True,4.4300541224782856e-39,0.0493542107345444,2
sc_mn,nd_y,sc_mn||nd_y,True,5.131333028085249e-14,0.0926411027858976,False,,,True,7.512893409355703e-40,0.050167480376291,2
nd_y,si_ni,nd_y||si_ni,True,1.327223095877742e-13,0.0900704602465962,False,,,True,2.150462936379734e-40,0.0516828209649784,2
y_mn,nd_y,y_mn||nd_y,True,1.6659378632470157e-13,0.0918155439888621,False,,,True,5.180674140664263e-41,0.0563670137432576,2
ti_mn,nd_y,ti_mn||nd_y,True,2.30227617013508e-13,0.0871854257136639,False,,,True,4.2263984445132433e-42,0.0533473649805264,2
cr_ca,nd_y,cr_ca||nd_y,True,2.3308864048581504e-13,0.0878284656743239,False,,,True,4.125864331375021e-40,0.051090872025263,2
cr_ti,nd_y,cr_ti||nd_y,True,2.503199839820702e-13,0.0884446489952507,False,,,True,5.607287997858409e-42,0.054412039930899,2
nd_y,co_si,nd_y||co_si,True,2.7444528150454576e-13,0.0866509533770652,False,,,True,1.2015472790867351e-39,0.0501725446544069,2
mn_ca,nd_y,mn_ca||nd_y,True,3.104196878137279e-13,0.0864470884310148,False,,,True,8.669193675880489e-40,0.0501577713162416,2
ti_ca,nd_y,ti_ca||nd_y,True,1.1495801872680333e-12,0.0830098829478948,False,,,True,7.929759321288476e-40,0.0510286992694985,2
nd_y,cr_y,nd_y||cr_y,True,4.74466595939385e-13,0.0872564659955099,False,,,True,4.586524313883728e-42,0.0575730138168558,2
na_mn,nd_y,na_mn||nd_y,True,5.77443213208791e-13,0.0863715313518849,False,,,True,1.0128771651988408e-51,0.0716380288373407,2
ti_ca,na_ca,ti_ca||na_ca,False,,,True,0.0003034005615874,0.0155678997533662,True,5.760344848816939e-29,0.0272511223695104,2
nd_y,cr_na,nd_y||cr_na,True,1.737749961168841e-12,0.0832010566132128,False,,,True,1.0394133973301565e-51,0.0719664019461841,2
nd_ni,sc_na,nd_ni||sc_na,False,,,True,0.0004605278317031,0.0186863731385882,True,1.1674603497827798e-29,0.0379748261603851,2
nd_y,cr_sc,nd_y||cr_sc,True,2.7039428191718673e-14,0.0942299057343097,False,,,True,2.0369075177865847e-41,0.0523851490931904,2
nd_y,sc_ni,nd_y||sc_ni,True,7.142473268169888e-13,0.0839728470502747,False,,,True,1.0146636779615718e-38,0.0495587878093554,2
sc_ti,nd_y,sc_ti||nd_y,True,9.742494639461277e-13,0.0832302164035451,False,,,True,6.408525630408091e-40,0.0510278299910291,2
ni_mn,nd_y,ni_mn||nd_y,True,1.0010703241767956e-12,0.0830788970090866,False,,,True,2.102876374822729e-42,0.054150388077877,2
si_ti,nd_y,si_ti||nd_y,True,1.1272152235511033e-12,0.082952283027368,False,,,True,1.0222886199985655e-40,0.0522413454528626,2
si_cu,nd_y,si_cu||nd_y,True,3.1818951567705553e-13,0.08742378843242,False,,,True,3.124490473394631e-38,0.0492438871709962,2
sc_mn,si_nd,sc_mn||si_nd,True,8.471502972798029e-12,0.0809640340490189,False,,,True,8.406216117615786e-27,0.0325277533900726,2
v_mn,nd_y,v_mn||nd_y,True,8.588925263886998e-12,0.0763152521504784,False,,,True,5.664711160305804e-41,0.0524337617654315,2
nd_y,sc_si,nd_y||sc_si,True,9.713091835534462e-12,0.0768970096680595,False,,,True,6.877821969070882e-39,0.0502747608709031,2
na_cu,nd_y,na_cu||nd_y,True,1.0626201778646053e-11,0.076253862406535,False,,,True,5.952621501306723e-40,0.051165575289198,2
y_ti,nd_y,y_ti||nd_y,True,1.0994162912104208e-11,0.0764924949164518,False,,,True,1.050400689433213e-38,0.0516043595015654,2
ca_cu,nd_y,ca_cu||nd_y,True,1.1432589511008995e-11,0.0779251036110006,False,,,True,8.417230448470856e-38,0.0516096844217451,2
y_cu,nd_y,y_cu||nd_y,True,1.1512166465783618e-11,0.078392845662028,False,,,True,1.029720459739766e-33,0.044637465991279,2
si_mn,si_nd,si_mn||si_nd,True,1.173805679481552e-11,0.0797726452443897,False,,,True,3.0626104327544153e-30,0.0375342757064805,2
na_ti,nd_y,na_ti||nd_y,True,1.2866540435079746e-11,0.0761820722790246,False,,,True,1.0749409396326017e-45,0.0619227285374761,2
ni_y,nd_y,ni_y||nd_y,True,2.3655475078618254e-12,0.0812282311780293,False,,,True,1.8583205551761502e-38,0.0503748040098596,2
nd_y,si_na,nd_y||si_na,True,1.3683977847237799e-11,0.0756175602619584,False,,,True,1.4836728218367824e-40,0.0530397575542022,2
k_ca,nd_y,k_ca||nd_y,True,1.4079554311206511e-11,0.0746242480507156,False,,,True,1.2453883211001806e-37,0.0474323651897462,2
k_ti,nd_y,k_ti||nd_y,True,1.4413907004300716e-11,0.0748018073277735,False,,,True,7.744589966570583e-38,0.0478752912230104,2
si_v,cr_si,si_v||cr_si,True,1.6291470533836927e-11,0.0412930019772328,True,3.061131747459574e-05,0.0153830419136306,False,,,2
na_ca,nd_y,na_ca||nd_y,True,1.897674492975972e-11,0.0754134274951078,False,,,True,2.893232235730223e-46,0.0642474018574151,2
si_nd,cr_si,si_nd||cr_si,True,2.1506080063251358e-11,0.0792623087109751,False,,,True,2.7187015921126605e-29,0.0368399077930287,2
si_mn,si_v,si_mn||si_v,True,2.3305825862618463e-11,0.0426269752306197,True,6.853207965510676e-05,0.0149167750545111,False,,,2
sc_cu,nd_y,sc_cu||nd_y,True,2.334930422480985e-11,0.0784036458797969,False,,,True,1.0511848910027074e-36,0.050676317697115,2
nd_ca,nd_y,nd_ca||nd_y,True,2.354289246439151e-11,0.0970784149782303,False,,,True,5.697110221018465e-33,0.0515823502005414,2
nd_y,k_ni,nd_y||k_ni,True,2.936244523643329e-11,0.0737273097138193,False,,,True,5.58186584301562e-36,0.0466482244171761,2
v_y,si_nd,v_y||si_nd,True,1.2870240787755526e-11,0.0808323671636571,False,,,True,8.938060652421694e-27,0.0336980632086656,2
co_ca,nd_y,co_ca||nd_y,True,2.4199742566487746e-12,0.080364627422834,False,,,True,1.0555237698889832e-39,0.0505080338313276,2
nd_y,sc_nd,nd_y||sc_nd,True,2.428670028512991e-12,0.1013901446184866,False,,,True,6.889656470464074e-36,0.0543549389936465,2
cr_y,sc_nd,cr_y||sc_nd,True,2.4646426280565998e-12,0.0748286658028227,False,,,True,2.2021199040244307e-30,0.0338217844323251,2
sc_ca,nd_y,sc_ca||nd_y,True,2.5373244937419826e-12,0.0797497027089715,False,,,True,5.60305057397173e-39,0.0492394871093518,2
nd_y,na_v,nd_y||na_v,True,2.93286445165072e-12,0.0814836550248724,False,,,True,5.190655348520314e-42,0.0553587588200817,2
co_cu,nd_y,co_cu||nd_y,True,3.0328956186758044e-12,0.0799234621948154,False,,,True,3.787561612295188e-39,0.0506696216809682,2
v_cu,nd_y,v_cu||nd_y,True,3.104408272135374e-12,0.0819066743402381,False,,,True,1.3890922329479986e-38,0.0498970932305033,2
ni_cu,nd_y,ni_cu||nd_y,True,3.497631581481404e-12,0.0798971097810313,False,,,True,3.7003569528650135e-40,0.0518161115920923,2
nd_y,co_v,nd_y||co_v,True,3.5204851823937746e-12,0.0789991483942638,False,,,True,1.0309891545767409e-39,0.0503013911479703,2
nd_y,co_na,nd_y||co_na,True,7.88471075794618e-12,0.0774336880106332,False,,,True,1.202382702599524e-42,0.0560727091147461,2
nd_y,co_y,nd_y||co_y,True,3.838641091487148e-12,0.0799240398468905,False,,,True,2.00677251336365e-36,0.0481904930981764,2
nd_y,cr_zn,nd_y||cr_zn,True,4.112503035858098e-12,0.081620743552993,False,,,True,4.363838024462447e-37,0.0476338718632614,2
cr_y,si_nd,cr_y||si_nd,True,4.301161157355347e-12,0.0827180404194868,False,,,True,2.5709490238942306e-35,0.0450399856646366,2
si_ca,nd_y,si_ca||nd_y,True,4.751634796074375e-12,0.0782736942611507,False,,,True,5.765506882072974e-41,0.0524975886455711,2
cr_cu,nd_y,cr_cu||nd_y,True,4.794011776207196e-12,0.0802791474779492,False,,,True,2.0578096482023848e-41,0.0564241693767776,2
nd_y,na_ni,nd_y||na_ni,True,6.174913659070579e-12,0.0781601969111859,False,,,True,1.7904360286240205e-45,0.0599701135883827,2
mn_cu,nd_y,mn_cu||nd_y,True,6.428107023955668e-12,0.0783237999343745,False,,,True,5.230410158456633e-43,0.0579822763445775,2
nd_y,cr_v,nd_y||cr_v,True,6.428879638843336e-12,0.0774227350581329,False,,,True,1.0436597778024235e-40,0.0524067103449426,2
nd_y,sc_k,nd_y||sc_k,True,6.782119216508712e-12,0.0765715228203885,False,,,True,3.3808270648649997e-38,0.0481033559780041,2
si_nd,cr_sc,si_nd||cr_sc,True,7.686482644227215e-12,0.080635728300852,False,,,True,1.6292075007989835e-27,0.033178918163867,2
ti_cu,nd_y,ti_cu||nd_y,True,3.6696788654314775e-12,0.0802869583400007,False,,,True,3.18627184620544e-39,0.0521942961081768,2
cr_ti,nd_na,cr_ti||nd_na,True,8.982432347453361e-09,0.0634947384899381,False,,,True,8.165041732137708e-38,0.0586153903148619,2
na_mn,si_ni,na_mn||si_ni,True,9.496496929893084e-09,0.0332892223143588,False,,,True,1.5973667361485518e-39,0.037236938063766,2
na_mn,nd_na,na_mn||nd_na,True,9.574359086417162e-09,0.0627121983848894,False,,,True,3.4452463154538593e-45,0.0738195003923413,2
cr_y,nd_zn,cr_y||nd_zn,True,9.760967862981244e-09,0.0624108860454342,False,,,True,6.119985758057557e-25,0.0329175374884781,2
zn_mn,nd_na,zn_mn||nd_na,True,1.003032948785011e-08,0.0627967394966489,False,,,True,2.0652034469706293e-35,0.0536853764823318,2
co_ca,si_mn,co_ca||si_mn,True,1.0227264926301453e-08,0.0295330435090098,True,0.0001139956400589,0.0138005103042723,False,,,2
ni_mn,cr_y,ni_mn||cr_y,True,1.0259646211533035e-08,0.0350909373548786,False,,,True,1.8238580122330184e-25,0.0223580945450633,2
nd_ni,cr_si,nd_ni||cr_si,True,1.0342846419343673e-08,0.0509415890795973,False,,,True,1.5083102878985798e-25,0.0292327198915284,2
sc_ni,cr_si,sc_ni||cr_si,True,1.050617055699128e-08,0.0302711416237685,True,9.98128180942514e-05,0.0132347591995805,False,,,2
nd_y,nd_v,nd_y||nd_v,True,5.511606210539285e-10,0.0826900941817945,False,,,True,5.210315386377649e-35,0.0581497114792956,2
na_mn,cr_sc,na_mn||cr_sc,True,1.1480997683837408e-08,0.0346919275939878,False,,,True,1.240255716472593e-37,0.0360324368589463,2
y_mn,co_nd,y_mn||co_nd,True,1.159996850370528e-08,0.0566997793962107,False,,,True,1.2493644239738435e-31,0.0415451903817358,2
cr_ca,nd_na,cr_ca||nd_na,True,1.1609659644470332e-08,0.0619145854593983,False,,,True,1.7375607974259135e-36,0.0557307188927407,2
ni_ti,si_v,ni_ti||si_v,True,1.1710751348021942e-08,0.0242293908933849,True,2.1453262181286093e-06,0.01721617189753,False,,,2
sc_mn,si_v,sc_mn||si_v,True,1.2030952084655884e-08,0.0334142660689553,True,2.1540205060283838e-06,0.0209121121122419,False,,,2
ni_y,nd_na,ni_y||nd_na,True,1.22312359734369e-08,0.0607475508663565,False,,,True,4.037478017429909e-39,0.0590973068919527,2
y_mn,co_cr,y_mn||co_cr,True,1.2283776442701693e-08,0.0390787001961419,False,,,True,5.907715481112025e-25,0.0240164794821252,2
si_cu,nd_na,si_cu||nd_na,True,1.3098218858964137e-08,0.0609659057801759,False,,,True,2.1551715697250395e-35,0.0542014460776795,2
cr_y,na_v,cr_y||na_v,True,1.3108357080595177e-08,0.0372771960079775,False,,,True,1.561440535297487e-28,0.0268830779895666,2
nd_na,co_si,nd_na||co_si,True,1.0864885982354646e-08,0.0617962011765902,False,,,True,1.3458782954752067e-36,0.0554602740599375,2
nd_na,sc_nd,nd_na||sc_nd,True,4.070808883451214e-09,0.0795691718401575,False,,,True,4.9476339127389315e-34,0.0591807639501715,2
na_ni,sc_nd,na_ni||sc_nd,True,4.3587328789174e-09,0.0516560816173302,False,,,True,1.0126575154200547e-27,0.0294432757451818,2
y_mn,na_v,y_mn||na_v,True,4.373210480759779e-09,0.0440322798665063,False,,,True,6.095531256487405e-25,0.0254109478006319,2
nd_ca,na_mn,nd_ca||na_mn,True,4.717615991618534e-09,0.057746283838618,False,,,True,7.591091982051794e-34,0.0421907464203869,2
si_mn,nd_ni,si_mn||nd_ni,True,4.736593872335362e-09,0.0531135428044065,False,,,True,1.0473619221995719e-26,0.0305371613498443,2
sc_y,sc_nd,sc_y||sc_nd,True,4.784840802657514e-09,0.053013856274153,False,,,True,1.934894781700542e-25,0.0282344141265544,2
sc_v,sc_nd,sc_v||sc_nd,True,5.041649786797115e-09,0.0536336353102285,True,2.6390250843994783e-05,0.024242749298007,False,,,2
sc_nd,co_sc,sc_nd||co_sc,True,5.043161583215864e-09,0.0507232467367895,True,0.0001563436018085,0.0181655507686253,False,,,2
si_y,si_nd,si_y||si_nd,True,5.7583550950979135e-09,0.059687377921346,False,,,True,5.487182539270717e-27,0.0338179114460204,2
si_mn,na_ni,si_mn||na_ni,True,8.948623001014357e-09,0.0319987173581522,False,,,True,3.641957153568733e-33,0.0266891152433596,2
y_mn,na_ni,y_mn||na_ni,True,6.239685794782153e-09,0.042053135233304,False,,,True,3.2931774569169826e-29,0.0298539452333487,2
cr_na,cr_si,cr_na||cr_si,True,6.319621656365463e-09,0.0356403771049245,False,,,True,6.255273774560924e-44,0.0422988053718623,2
na_ti,sc_nd,na_ti||sc_nd,True,6.6647633590290605e-09,0.0508040650907367,False,,,True,3.86782417863442e-29,0.0322284273012628,2
mn_ca,nd_na,mn_ca||nd_na,True,7.061190768652528e-09,0.0628531827503437,False,,,True,6.120005623969522e-37,0.0557786163582753,2
na_v,cr_si,na_v||cr_si,True,7.1370014493418894e-09,0.0333785687596647,False,,,True,3.5011645418188286e-28,0.0222205220080865,2
si_ni,nd_na,si_ni||nd_na,True,7.320638633259691e-09,0.0639328259770811,False,,,True,3.5944885743760903e-37,0.0568697956316483,2
cr_ca,si_ni,cr_ca||si_ni,True,8.146037470130906e-09,0.0238016464163025,True,0.000166160692098,0.0092699893240079,False,,,2
na_mn,v_y,na_mn||v_y,True,8.316573778146109e-09,0.0419754461547074,False,,,True,8.938362406451571e-32,0.0335470820752521,2
v_y,si_v,v_y||si_v,True,8.5407205142078e-09,0.0395098572277711,True,0.0001144154708783,0.0173817417130127,False,,,2
na_mn,nd_ti,na_mn||nd_ti,True,8.880734084827064e-09,0.0522180351488441,False,,,True,4.7586037001991165e-39,0.0473192794518384,2
ti_mn,nd_na,ti_mn||nd_na,True,6.118023978947353e-09,0.0637090571751283,False,,,True,1.499200522903784e-38,0.0587641484688136,2
si_v,cr_k,si_v||cr_k,True,2.427091148662688e-08,0.0288466030708369,True,6.979397591965799e-06,0.0180372531619942,False,,,2
cr_ni,nd_na,cr_ni||nd_na,True,2.4368642178869466e-08,0.0592604325468452,False,,,True,3.695937840201733e-38,0.0585831627286805,2
cr_y,na_ni,cr_y||na_ni,True,2.4632417872258272e-08,0.0346258670525704,False,,,True,1.457410517639959e-33,0.0314984817924485,2
y_mn,sc_v,y_mn||sc_v,True,2.5019713169929688e-08,0.0427392143854836,True,0.0001004485676096,0.0201627083833033,False,,,2
nd_y,ba_zn,nd_y||ba_zn,True,2.5310562201984218e-08,0.0606782139532083,False,,,True,1.6314134098671163e-28,0.0406858105557225,2
nd_ca,nd_na,nd_ca||nd_na,True,2.54248807729944e-08,0.075497742567397,False,,,True,7.826612496016861e-32,0.0573566381179526,2
cr_ca,na_mn,cr_ca||na_mn,True,2.5548577196644506e-08,0.0319729845913571,False,,,True,3.058852804126957e-38,0.0362622717188999,2
v_ca,si_v,v_ca||si_v,True,2.5903288323151605e-08,0.0300031954882194,True,1.0279853894023637e-07,0.0299616282731232,False,,,2
co_ti,si_v,co_ti||si_v,True,2.6589642005010405e-08,0.0232483401561901,True,1.0854036372637167e-06,0.018603828408199,False,,,2
nd_ca,cr_na,nd_ca||cr_na,True,1.311298281229386e-08,0.0544741169299765,False,,,True,4.539702696621992e-33,0.0408050490693576,2
k_na,si_nd,k_na||si_nd,True,2.7293423080615177e-08,0.0563149382700032,False,,,True,3.1487534255510417e-32,0.0451244159899753,2
cr_y,co_nd,cr_y||co_nd,True,2.7567716010169396e-08,0.0521359723717853,False,,,True,1.307532225939397e-32,0.0414951690452387,2
cr_y,co_cr,cr_y||co_cr,True,2.7586533719333136e-08,0.0328905976679571,False,,,True,1.7305864025061563e-28,0.0249015398682884,2
nd_ti,cr_na,nd_ti||cr_na,True,2.7767644453585203e-08,0.048639814561672,False,,,True,2.145367750551542e-38,0.0459496137908571,2
nd_y,cr_si,nd_y||cr_si,True,3.808698525183823e-14,0.0943950486582176,False,,,True,4.0077238181034e-43,0.0558147700457843,2
co_mn,nd_na,co_mn||nd_na,True,2.8314413726157386e-08,0.0575454074827414,False,,,True,1.904217408694177e-39,0.0595195891044431,2
sc_cu,sc_nd,sc_cu||sc_nd,True,2.8332580534972783e-08,0.0497506529626167,True,0.0001901486642404,0.0197845945955641,False,,,2
nd_na,cr_k,nd_na||cr_k,True,2.8714669558590654e-08,0.0579723782421566,False,,,True,5.889763304870306e-36,0.0541115904956299,2
mn_ca,na_mn,mn_ca||na_mn,True,3.0079012062289345e-08,0.0342878675901824,False,,,True,3.938945158133661e-36,0.0351918640284942,2
na_ni,cr_si,na_ni||cr_si,True,2.6885359555045448e-08,0.0289862170257747,False,,,True,1.7972876000373425e-35,0.0274472707430055,2
mn_ca,v_y,mn_ca||v_y,True,1.4200772567911536e-08,0.0380259368355746,True,0.0005573649606527,0.0133048594127798,False,,,2
co_si,cr_sc,co_si||cr_sc,True,1.4201388326647416e-08,0.0250212666707264,True,5.663644463273947e-06,0.0148127702589423,False,,,2
ca_cu,sc_nd,ca_cu||sc_nd,True,1.4472364243471886e-08,0.0496520473234191,True,0.0001336774856546,0.0204322638921669,False,,,2
co_ca,cr_si,co_ca||cr_si,True,1.4606215236804456e-08,0.0278054577786307,True,8.798448956010283e-05,0.0135400245687338,False,,,2
na_mn,ni_y,na_mn||ni_y,True,1.5505973374645414e-08,0.0372674514356733,False,,,True,3.9873003923755735e-35,0.0359741605205888,2
cr_y,cr_ni,cr_y||cr_ni,True,1.5752120585587833e-08,0.0336062523680516,False,,,True,2.987314873797147e-26,0.0228463787038393,2
ni_mn,nd_na,ni_mn||nd_na,True,1.704491601096561e-08,0.0600465556004576,False,,,True,4.197684757898898e-39,0.059543590165806,2
na_mn,co_si,na_mn||co_si,True,1.737618822368393e-08,0.0321309692743918,False,,,True,1.285803738150647e-37,0.0352447788292034,2
cr_ti,co_si,cr_ti||co_si,True,1.7813190073577745e-08,0.0212583986310878,True,0.0002233143985356,0.0086278572702177,False,,,2
si_ti,si_v,si_ti||si_v,True,2.2572129157764962e-08,0.0253475200276532,True,3.630411385299881e-05,0.014080756663639,False,,,2
y_mn,nd_ba,y_mn||nd_ba,True,1.9239816290313336e-08,0.0499819231308964,False,,,True,1.0747554892479606e-31,0.0388983257482448,2
sc_ni,nd_na,sc_ni||nd_na,True,1.9457843375716963e-08,0.0595036561295764,False,,,True,1.0222063402520657e-35,0.0547113331932653,2
ti_ca,si_v,ti_ca||si_v,True,1.962718881950031e-08,0.0237264100185173,True,2.247877813132456e-06,0.01715159918962,False,,,2
k_y,si_nd,k_y||si_nd,True,1.9655080434250755e-08,0.0568529945638863,False,,,True,1.3204766133063251e-27,0.0365778708389613,2
nd_y,k_ba,nd_y||k_ba,True,1.9707153570413872e-08,0.061997622187804,False,,,True,1.8274525168821157e-28,0.0410871006650485,2
si_mn,co_na,si_mn||co_na,True,1.9768269701661905e-08,0.0326005562848934,False,,,True,3.563484894926653e-26,0.0217683197360805,2
cr_zn,nd_na,cr_zn||nd_na,True,2.004062887498748e-08,0.060056540056841,False,,,True,3.918892290887218e-35,0.052952769805812,2
si_v,co_cr,si_v||co_cr,True,2.1036200382758176e-08,0.025592638529761,True,2.028046223028072e-05,0.0149032038374117,False,,,2
co_y,nd_na,co_y||nd_na,True,2.1400543808100144e-08,0.0594966094059647,False,,,True,4.226951555434624e-37,0.0561208834747408,2
cr_ca,co_si,cr_ca||co_si,True,2.235083233970992e-08,0.0233369349391737,True,3.2289058562521574e-05,0.0122423707441733,False,,,2
si_mn,sc_ni,si_mn||sc_ni,True,1.8376791585437524e-08,0.0298747019481819,True,0.0002510657080017,0.0120999135374845,False,,,2
co_cu,si_nd,co_cu||si_nd,True,9.86172340843237e-10,0.0639239291259401,False,,,True,2.6572474490919445e-26,0.0320197624408473,2
zn_cu,nd_y,zn_cu||nd_y,True,9.90041789679241e-10,0.0678858036300462,False,,,True,1.8333289217825853e-32,0.0449668582009321,2
v_ca,si_mn,v_ca||si_mn,True,1.0001972746623956e-09,0.035874401035166,True,5.362113411635358e-06,0.0211350866661945,False,,,2
ba_ti,nd_y,ba_ti||nd_y,True,1.0120521743164307e-09,0.0654218134375075,False,,,True,1.5477779817815162e-32,0.0432076729263485,2
na_mn,cr_si,na_mn||cr_si,True,1.0411463330937166e-09,0.0406244879707084,False,,,True,2.000987112766014e-42,0.0422469672499625,2
mn_cu,si_nd,mn_cu||si_nd,True,1.0463182850509643e-09,0.0645738832721725,False,,,True,1.3052182892589167e-31,0.0403729280072159,2
ni_cu,si_nd,ni_cu||si_nd,True,1.098249014722957e-09,0.0643396817058108,False,,,True,3.781590452752214e-27,0.033310175428889,2
ti_mn,si_v,ti_mn||si_v,True,1.1188975791621195e-09,0.031077849224512,True,1.0060346240190072e-05,0.015777717685193,False,,,2
mn_cu,sc_nd,mn_cu||sc_nd,True,1.138811794592864e-09,0.0556852283650805,False,,,True,8.71278868557443e-27,0.0287955475119383,2
ti_cu,sc_nd,ti_cu||sc_nd,True,3.994059385990932e-09,0.0526107408665097,True,0.0004156043775574,0.0163598313739129,False,,,2
nd_y,co_ba,nd_y||co_ba,True,1.1842494627835043e-09,0.0654470116963237,False,,,True,1.107661864690552e-31,0.0424564810699069,2
ba_mn,nd_y,ba_mn||nd_y,True,1.2067181132913275e-09,0.066578543654873,False,,,True,2.750113801725613e-33,0.046166725602447,2
si_ca,si_nd,si_ca||si_nd,True,1.2552753359862636e-09,0.0636519547588345,False,,,True,8.560359572782127e-28,0.0342733939158547,2
nd_na,cr_sc,nd_na||cr_sc,True,1.2738515258786598e-09,0.0697920792976254,False,,,True,1.2952296827359164e-37,0.057264527928547,2
nd_ti,cr_si,nd_ti||cr_si,True,1.2763480041455404e-09,0.0574304107371604,False,,,True,1.5787536956331306e-25,0.0277312155308684,2
v_ti,cr_si,v_ti||cr_si,True,1.2771827360215832e-09,0.0323459476358715,True,5.864240960967778e-05,0.014106306467065,False,,,2
si_nd,sc_k,si_nd||sc_k,True,1.300429817049472e-09,0.0632031707590723,False,,,True,2.5364637641707456e-25,0.0303786428285482,2
si_v,nd_na,si_v||nd_na,True,1.3032340728043894e-09,0.0698118432982062,False,,,True,1.8911334653968063e-36,0.0547050377114375,2
v_ca,y_mn,v_ca||y_mn,True,1.3098753073759842e-09,0.0455763099863382,True,0.0001255883401788,0.0188830456259081,False,,,2
nd_y,sc_ba,nd_y||sc_ba,True,1.153361533370852e-09,0.0667578016089645,False,,,True,1.160561318751931e-31,0.0427078148605819,2
co_ni,si_nd,co_ni||si_nd,True,5.72744856346879e-10,0.0667318920431325,False,,,True,6.601524167336708e-27,0.0328581919743214,2
si_mn,nd_ti,si_mn||nd_ti,True,6.12670022574993e-10,0.0594917720913651,False,,,True,2.0420104923249247e-26,0.0289388548072096,2
nd_y,ba_v,nd_y||ba_v,True,6.95574613622438e-10,0.0670439241773416,False,,,True,6.451176764128836e-32,0.0428376085850856,2
v_ca,cr_si,v_ca||cr_si,True,7.100327269151258e-10,0.0357346364244077,True,2.358115900286716e-06,0.02210918657072,False,,,2
co_na,si_nd,co_na||si_nd,True,7.246411819153093e-10,0.0654041175833448,False,,,True,1.0306380876316331e-31,0.0396089024958423,2
si_ni,cr_sc,si_ni||cr_sc,True,7.281752026991513e-10,0.0281436727289901,True,6.276483150800298e-06,0.0136227350013573,False,,,2
si_mn,nd_na,si_mn||nd_na,True,7.39324977057776e-10,0.0713525411690205,False,,,True,9.444297300023224e-41,0.0619652284788643,2
y_mn,na_mn,y_mn||na_mn,True,7.41403500436535e-10,0.0521242264130394,False,,,True,2.0248756206738402e-35,0.0424409554736131,2
sc_ca,si_nd,sc_ca||si_nd,True,7.440239243403606e-10,0.0657129860435444,False,,,True,9.795706059004608e-26,0.0310421353014261,2
nd_y,k_y,nd_y||k_y,True,9.768802156395883e-10,0.0668807956811607,False,,,True,4.7591444681054045e-35,0.0497124559323555,2
mn_ca,si_v,mn_ca||si_v,True,8.040348920757272e-10,0.0336479676902922,True,3.152958214987914e-06,0.0189535678420906,False,,,2
nd_y,cr_ba,nd_y||cr_ba,True,8.383371858323955e-10,0.0657202964405997,False,,,True,1.316601089206877e-34,0.0463288762801089,2
co_v,si_nd,co_v||si_nd,True,8.47253522365806e-10,0.0645127204990458,False,,,True,3.11785633447566e-26,0.0316075494815536,2
cr_v,si_nd,cr_v||si_nd,True,8.477387107409956e-10,0.0651104176061688,False,,,True,1.0257365647842007e-27,0.0341399196624892,2
na_mn,si_v,na_mn||si_v,True,8.51343639288075e-10,0.0392699928709952,False,,,True,5.569958819556306e-37,0.0351329565195945,2
v_cu,si_nd,v_cu||si_nd,True,8.780743483512863e-10,0.0660208104315041,False,,,True,1.1356832397499067e-25,0.0316740106121216,2
y_mn,cr_na,y_mn||cr_na,True,9.40236482637653e-10,0.0481983741926177,False,,,True,3.5838540971143555e-39,0.0443698011653534,2
si_ni,si_v,si_ni||si_v,True,9.5059561792349e-10,0.031449802246463,True,6.881462669017711e-06,0.0172372310309993,False,,,2
nd_y,na_zn,nd_y||na_zn,True,9.556521896303875e-10,0.0653109635657877,False,,,True,1.952871607547973e-38,0.0534340559503113,2
nd_na,cr_si,nd_na||cr_si,True,9.623913707613802e-10,0.0712332479443242,False,,,True,5.92093599733561e-40,0.0612905959438964,2
na_mn,cr_y,na_mn||cr_y,True,7.886639053807883e-10,0.046373700684947,False,,,True,1.5910538196610479e-40,0.0450438283909847,2
sc_y,si_nd,sc_y||si_nd,True,2.459779384769035e-09,0.0610815061180445,False,,,True,2.1564398517046157e-30,0.038314581508953,2
k_ti,si_nd,k_ti||si_nd,True,2.467463396186413e-09,0.0613076803638851,False,,,True,3.494297186941236e-25,0.0304832640251361,2
ba_cu,nd_y,ba_cu||nd_y,True,2.4754425548019512e-09,0.0689731329796106,False,,,True,7.02810745911496e-29,0.0415333297237472,2
v_ca,cr_y,v_ca||cr_y,True,2.5974963639178203e-09,0.0398825969925851,True,0.0001035783820496,0.0178545719590909,False,,,2
y_ca,si_nd,y_ca||si_nd,True,2.6561994116559863e-09,0.0617822288482962,False,,,True,4.980839365196033e-31,0.0395048956693249,2
si_na,si_nd,si_na||si_nd,True,2.673636548725112e-09,0.0611893833570376,False,,,True,1.6186703732299913e-29,0.0367174240595318,2
si_nd,sc_si,si_nd||sc_si,True,2.7368881148283237e-09,0.0630923192469238,False,,,True,2.0167106748533627e-25,0.0322804538962218,2
ca_cu,si_nd,ca_cu||si_nd,True,2.757684256667313e-09,0.0619756873169527,False,,,True,1.8873976180610654e-26,0.034200185379602,2
v_ti,sc_nd,v_ti||sc_nd,True,2.771038863562213e-09,0.0529228766853813,True,0.0003095031723826,0.0163291673714184,False,,,2
nd_y,na_ba,nd_y||na_ba,True,1.3231316094529674e-09,0.0681642643288541,False,,,True,3.879876450045884e-32,0.0458116206884958,2
si_mn,na_v,si_mn||na_v,True,3.127987512438009e-09,0.0356864399032906,False,,,True,9.4871756753559e-27,0.0217997662413404,2
cr_y,nd_ni,cr_y||nd_ni,True,3.190953600675933e-09,0.055077543979162,False,,,True,2.0190374314585767e-31,0.0379807557706044,2
ni_mn,si_v,ni_mn||si_v,True,3.197487463698664e-09,0.0273785192121268,True,2.483515572826181e-05,0.0143253926623397,False,,,2
cr_y,cr_na,cr_y||cr_na,True,3.218913284585028e-09,0.0414715126775997,False,,,True,2.2859460190444963e-42,0.0457445524574182,2
nd_ba,si_nd,nd_ba||si_nd,True,3.286831865211645e-09,0.0718598007301707,False,,,True,2.320170224432358e-31,0.047221904123388,2
nd_ba,sc_nd,nd_ba||sc_nd,True,3.399922028820564e-09,0.0638428062559307,False,,,True,7.852720672187163e-29,0.0377526607255832,2
v_y,nd_na,v_y||nd_na,True,3.477069978365614e-09,0.0665850284440644,False,,,True,9.333279611245443e-37,0.0558049157956412,2
co_ca,sc_nd,co_ca||sc_nd,True,3.692404697383501e-09,0.0513968943697753,True,0.0001968313802497,0.0174285887184488,False,,,2
cr_ni,si_v,cr_ni||si_v,True,3.808587771594194e-09,0.02650882052819,True,1.2266654662187088e-05,0.0149774362532145,False,,,2
ni_y,si_v,ni_y||si_v,True,3.850192807299565e-09,0.0356360494441422,True,0.0003448631015,0.0129524383013716,False,,,2
si_v,co_si,si_v||co_si,True,3.113465508499522e-09,0.0293581763234197,True,5.358495780482237e-06,0.0180839153829847,False,,,2
ba_ca,nd_y,ba_ca||nd_y,True,1.349537982555648e-09,0.0663280011171009,False,,,True,3.201313184103535e-32,0.0436827178482529,2
ti_cu,si_nd,ti_cu||si_nd,True,1.3521644896034498e-09,0.0641778136655664,False,,,True,1.1633318737795181e-26,0.0337580515590347,2
y_mn,nd_ni,y_mn||nd_ni,True,1.3526781349006124e-09,0.0602102522820937,False,,,True,2.154651603579706e-30,0.0382051984260499,2
sc_mn,nd_na,sc_mn||nd_na,True,1.3672426718093952e-09,0.0693718658223824,False,,,True,3.983795051012629e-37,0.0561044845413468,2
nd_na,si_nd,nd_na||si_nd,True,1.369783417336716e-09,0.0919560645087912,False,,,True,2.442819002347813e-35,0.0667524972027448,2
v_mn,si_nd,v_mn||si_nd,True,1.3727889181446274e-09,0.0630402422202653,False,,,True,2.179015749357183e-28,0.0349107771592855,2
si_mn,v_ti,si_mn||v_ti,True,1.375167007321483e-09,0.0334634181637066,True,0.0001200642430127,0.0135701591120658,False,,,2
cr_cu,si_nd,cr_cu||si_nd,True,1.3954746376097836e-09,0.0647962200555446,False,,,True,2.5583905017367963e-29,0.0380455148859393,2
zn_y,nd_y,zn_y||nd_y,True,1.420307667992169e-09,0.0647500753884336,False,,,True,1.203705195608687e-33,0.0462936148092309,2
na_mn,si_mn,na_mn||si_mn,True,2.2557228808812982e-09,0.0416006767370957,False,,,True,1.203826731687512e-38,0.0403605628911565,2
cr_y,nd_na,cr_y||nd_na,True,1.4686596011719407e-09,0.0690811133905097,False,,,True,6.957566988152697e-44,0.0677782102273309,2
na_ti,si_nd,na_ti||si_nd,True,1.4924401647337706e-09,0.0631386208282727,False,,,True,5.978561339071803e-35,0.044897379769711,2
v_ca,sc_nd,v_ca||sc_nd,True,1.6106814255710964e-09,0.0553063891641631,True,2.6531205820747988e-05,0.0232051305920484,False,,,2
si_mn,cr_na,si_mn||cr_na,True,1.639851297853176e-09,0.0386115903323301,False,,,True,1.603444856152466e-43,0.0422350687852018,2
na_cu,si_nd,na_cu||si_nd,True,1.757002422411465e-09,0.0632128957027102,False,,,True,1.0996292927820567e-27,0.0342768511954138,2
nd_ca,si_v,nd_ca||si_v,True,1.787104455902685e-09,0.0604663234179003,True,0.000203952172395,0.018993736548164,False,,,2
cr_ti,cr_y,cr_ti||cr_y,True,1.8145758102234367e-09,0.037867888197487,False,,,True,1.9379954789016472e-25,0.0216932642194472,2
nd_mn,nd_y,nd_mn||nd_y,True,1.9432076768487847e-09,0.07828856164775,False,,,True,7.6512290994790635e-31,0.0481568998864116,2
si_cu,sc_nd,si_cu||sc_nd,True,2.052120227856039e-09,0.0546975816027897,True,0.0002014785209318,0.0181572803205498,False,,,2
na_ca,si_nd,na_ca||si_nd,True,2.0833504448478203e-09,0.0622218259118797,False,,,True,1.2945914312423175e-36,0.0482042934354794,2
sc_ni,sc_nd,sc_ni||sc_nd,True,1.4361284425029743e-09,0.0543702583714364,True,0.0002188821777188,0.0170895203814211,False,,,2
